2.45,5.49,6.38
0.1,5.69,6.57
0.78,5.98,6.67
1.57,5.98,6.28
1.86,6.08,6.57
2.35,5.49,7.06
2.55,4.91,7.36
0.1,4.71,7.46
0.59,4.02,6.67
0.78,3.92,7.85
0.2,3.34,7.46
0.98,3.14,7.26
1.57,3.14,7.16
1.57,3.14,7.26
2.35,3.34,7.06
2.35,4.12,7.46
2.45,4.91,6.28
1.77,4.41,7.65
1.77,3.92,7.65
0,1.96,6.28
2.45,1.57,12.56
2.35,1.18,7.06
1.67,0.78,7.06
1.57,0.39,7.26
1.57,0.39,7.16
1.77,0.49,7.46
1.77,0,6.77
1.57,0.59,6.67
1.77,6.28,6.28
1.67,0,7.06
1.57,0.39,7.06
1.67,5.3,6.38
1.57,4.81,6.28
1.57,4.32,6.47
1.57,4.32,6.28
1.57,4.32,7.55
1.57,3.92,7.46
1.57,3.92,7.55
1.57,3.73,7.46
1.18,3.14,7.46
0.39,1.96,7.36
0.29,1.57,7.36
0,1.67,7.26
2.35,0.88,6.28
0.1,1.57,6.28
0.1,1.57,6.77
0.2,1.57,6.67
0.1,1.57,6.77
0,1.18,6.28
0.2,1.08,6.67
0.1,0.78,6.67
0.1,0,6.77
0,0.2,6.87
0,0,7.06
0,-6.87,6.87
0.2,-6.97,6.47
0.39,-6.28,6.38
0.49,-7.46,7.85
1.18,-7.75,6.87
1.67,-8.24,6.87
2.45,-8.14,6.67
2.75,-8.24,6.38
0.1,-8.24,6.47
0.2,-8.24,7.85
0.2,-8.14,7.85
2.75,-6.18,6.87
2.75,-7.65,6.87
2.65,-7.36,7.06
1.86,-7.06,7.46
2.65,-6.67,6.28
2.55,-6.67,6.28
0,-6.67,6.28
0,0,7.16
0.39,0.39,7.46
0.78,0.78,7.55
0.98,1.18,7.46
1.37,1.96,6.28
1.57,2.75,7.46
1.57,3.92,7.55
1.47,3.92,6.38
3.14,3.92,6.47
3.24,3.92,6.28
3.24,0,6.47
1.57,0,6.38
3.92,0,6.28
1.18,3.24,7.85
1.18,3.24,6.77
-1.86,3.43,8.04
-1.77,3.63,7.95
-1.77,3.73,7.36
-1.77,4.12,7.16
-2.06,4.22,7.06
-2.16,4.32,7.06
-2.16,4.41,6.97
-2.26,4.41,6.77
-2.75,4.12,6.47
-3.24,3.83,5.98
-3.43,3.63,5.49
-3.53,4.32,5.3
-3.53,4.61,5.59
-3.83,6.18,6.28
-3.92,6.57,6.67
-4.41,6.87,7.16
-5.1,6.87,7.16
-5.49,6.57,7.16
-5.79,6.57,7.46
-6.18,6.57,7.55
-6.67,6.67,7.36
-7.06,6.87,7.06
-7.16,7.06,7.16
-7.16,7.55,7.36
-6.87,8.34,7.36
-6.87,9.32,7.36
-7.16,9.52,7.46
-8.04,9.61,7.55
-8.53,9.61,7.55
-8.83,9.61,7.46
-9.52,9.52,7.85
-10.2,9.32,6.77
-10.4,11.28,9.03
-11.48,11.97,9.12
-11.67,12.85,9.03
-12.07,13.34,8.63
-12.26,13.54,8.04
-12.36,13.73,7.75
-12.46,14.62,7.95
-13.24,14.52,8.14
-13.54,14.42,9.22
-13.83,14.62,9.52
-14.32,14.91,10.01
-13.93,14.81,10.2
-13.64,14.62,10.4
-12.85,14.42,10.5
-12.75,14.32,10.5
-12.46,14.42,10.2
-12.26,14.32,10.2
-10.4,13.44,8.83
-9.81,13.44,8.04
-9.52,12.07,6.87
-7.85,11.97,6.87
-6.97,11.38,6.28
-6.57,10.59,6.57
-6.18,10.59,6.67
-5.98,9.91,5.79
-5.49,9.71,5.89
-5.1,9.32,6.08
-4.81,9.03,6.57
-4.51,8.63,6.38
-3.92,8.04,6.08
-3.92,7.46,5.69
-3.73,7.06,5.59
-4.22,6.08,5.4
-4.32,4.91,5.4
-4.61,4.61,5.4
-4.81,4.41,5
-4.91,4.41,4.81
-4.81,4.91,4.71
-4.71,5.49,4.61
-4.41,6.38,4.91
-4.02,6.57,4.91
-4.02,6.38,5.1
-4.02,6.18,5.2
-4.02,5.69,5.4
-4.41,5.1,5.4
-4.51,4.22,5.3
-4.91,3.83,5.3
-5.3,2.65,4.71
-5.3,2.55,5
-5.59,2.45,5.4
-5.98,2.65,6.38
-6.08,2.75,6.57
-6.67,2.94,6.67
-6.87,2.84,6.47
-6.87,2.75,6.28
-6.97,2.75,5.89
-6.87,2.55,4.71
-6.87,2.55,4.61
-6.67,2.16,3.83
-6.57,2.06,4.81
-6.38,2.26,5.3
-6.38,2.35,6.67
-6.38,2.45,7.55
-6.57,2.65,7.75
-6.57,3.04,8.14
-6.87,3.63,8.14
-6.97,3.83,7.46
-7.16,3.92,7.16
-7.26,3.92,6.77
-7.26,3.83,5.89
-6.18,2.45,5.3
-5.89,1.96,6.28
-5.4,1.47,6.77
-5.69,1.37,9.32
-5.89,1.47,9.61
-5.98,1.67,9.81
-6.38,2.75,10.5
-6.77,3.04,10.59
-7.06,3.34,10.4
-7.16,3.73,10.01
-7.26,3.73,9.61
-7.16,3.43,9.03
-6.97,2.75,8.34
-6.47,1.67,7.75
-5.69,0.98,7.55
-5,-0.49,6.97
-3.83,-1.47,8.53
-3.73,-1.28,10.01
-3.73,-0.49,10.79
-4.12,0.1,10.89
-4.61,0.59,10.99
-4.91,0.98,10.99
-5.4,1.08,10.99
-5.59,1.37,10.89
-5.98,1.37,10.69
-6.18,1.28,10.5
-6.28,0.88,9.71
-5.89,0.29,9.12
-5.79,-0.59,8.04
-4.91,-1.67,7.06
-4.51,-2.26,7.06
-4.32,-2.16,8.83
-5.1,-1.77,9.22
-5.79,-1.77,9.32
-6.47,-1.57,10.2
-7.26,-1.57,10.2
-7.65,-1.86,10.1
-7.95,-2.06,10.1
-7.95,-1.96,10.4
-7.75,-1.96,10.4
-7.75,-1.86,10.3
-7.55,-1.96,10.2
-7.26,-1.86,10.1
-7.16,-1.67,9.91
-7.06,-1.57,9.61
-6.97,-1.47,9.03
-6.97,-1.47,8.63
-6.67,-1.37,8.24
-6.57,-1.47,7.75
-6.28,-1.57,7.16
-6.18,-1.77,6.67
-6.28,-1.77,6.38
-6.67,-1.77,6.47
-6.87,-1.77,6.28
-7.06,-1.67,6.18
-7.16,-1.08,6.08
-7.46,-0.78,6.18
-7.46,-0.69,6.18
-7.16,-0.49,6.67
-7.06,0,6.67
-7.46,0.49,6.77
-7.75,0.88,6.47
-8.14,1.86,6.77
-8.24,2.26,6.77
-8.04,2.35,6.87
-8.14,2.75,6.97
-8.34,2.45,7.46
-8.53,2.35,7.75
-8.93,3.14,9.42
-9.91,3.73,9.71
-11.38,4.22,9.81
-11.87,4.51,9.81
-12.56,4.71,9.61
-13.34,4.71,9.52
-13.54,4.12,8.73
-12.85,3.73,8.24
-12.65,3.04,7.55
-11.87,2.65,6.97
-10.99,2.65,6.77
-10.59,2.84,5.98
-10.3,2.94,5.79
-10.5,2.94,5.69
-10.99,3.04,5.98
-11.18,2.94,6.47
-12.26,2.94,6.67
-13.34,2.55,7.85
-14.91,2.55,8.04
-15.11,2.75,9.12
-15.11,3.04,9.42
-14.81,4.32,10.1
-14.42,4.81,10.3
-14.13,5,10.59
-13.64,5.3,10.89
-12.65,5.1,10.79
-11.87,4.71,10.69
-11.18,3.83,10.4
-10.3,3.53,10.5
-10.3,3.04,11.38
-9.71,3.04,11.97
-9.03,2.65,12.26
-9.03,2.84,12.46
-9.32,2.75,13.44
-7.46,3.92,13.24
-7.36,4.12,13.24
-7.46,4.22,13.15
-7.46,4.02,13.34
-6.67,4.12,13.34
-6.38,4.12,13.34
-5.89,3.92,13.15
-5.4,3.43,13.15
-4.81,3.14,13.15
-3.92,2.75,13.05
-3.43,2.75,11.67
-3.14,2.94,11.87
-3.24,2.94,11.67
-3.34,2.94,11.48
-3.43,3.04,11.18
-3.14,3.04,11.18
-3.14,2.75,10.79
-2.06,2.55,10.69
-1.96,2.65,10.4
-1.37,3.14,10.3
-0.98,3.63,10.69
-0.49,3.83,10.79
-0.1,4.12,10.5
0.39,4.41,9.71
0.39,4.51,9.22
0.2,4.32,8.44
-0.2,3.83,8.04
-0.29,3.73,8.04
-0.39,4.22,8.34
-0.39,4.32,8.53
-0.1,4.51,8.63
0,4.61,8.63
0.1,4.91,8.34
-0.2,5.1,7.55
-0.49,5.3,6.87
-0.78,5.3,6.57
-1.08,5.3,6.18
-1.28,5.3,5.79
-1.28,5.2,5.79
-1.37,5.3,5.79
-1.28,5.4,5.79
-1.18,5.59,5.69
-1.28,5.4,5.79
-1.47,5.98,6.08
-1.47,6.28,5.89
-1.67,6.47,5.49
-1.67,6.38,5.49
-1.77,6.47,5
-1.86,6.47,4.61
-1.96,6.57,4.41
-2.06,6.67,4.51
-2.35,7.26,4.71
-2.35,7.36,4.71
-2.45,7.65,4.61
-2.06,7.75,4.71
-1.86,8.34,4.91
-1.77,8.44,4.41
-1.57,8.63,4.22
-1.28,8.83,4.12
-1.18,9.22,4.02
-1.18,9.71,3.83
-1.18,10.01,3.73
-1.37,10.59,3.43
-1.67,11.09,2.75
-2.35,11.09,2.55
-3.04,11.28,2.55
-3.63,11.38,2.65
-3.92,11.18,2.65
-4.41,11.28,2.55
-4.91,11.38,1.86
-5.3,11.67,1.67
-5.59,12.56,1.47
-5.69,13.34,1.18
-5.89,13.73,0.98
-5.98,14.03,0.98
-5.98,14.42,0.59
-5.79,14.42,0.49
-5.4,14.13,0
-5.1,13.73,0
-4.91,13.34,0
-4.81,12.56,-0.29
-4.41,12.16,-0.49
-4.32,12.26,-0.2
-4.51,12.16,0
-4.91,11.77,0.39
-5.79,11.38,0.2
-7.26,10.79,0.49
-8.34,9.81,0.88
-9.71,8.83,1.08
-10.2,8.24,1.37
-10.79,8.14,1.57
-11.38,7.65,2.84
-11.97,7.55,3.24
-12.26,7.65,4.61
-12.56,7.75,5
-12.65,8.83,7.06
-12.65,9.32,7.36
-12.65,10.99,8.34
-12.46,11.77,8.63
-12.07,12.56,9.03
-11.38,13.54,9.22
-11.09,14.42,9.32
-9.42,14.32,9.32
-8.73,14.13,9.32
-8.24,13.44,8.53
-7.75,12.75,8.34
-7.46,11.18,7.26
-6.67,10.4,6.97
-6.67,9.91,6.97
-6.28,10.01,6.87
-6.18,10.4,7.26
-6.18,10.59,7.26
-5.98,10.59,7.06
-5.98,10.3,6.97
-5.69,9.91,8.04
-6.57,11.97,8.44
-5,10.69,6.87
-6.08,11.58,7.26
-5.98,10.99,8.93
-6.67,11.28,9.52
-7.65,12.16,12.07
-7.26,12.65,13.44
-5.98,12.46,13.64
-5.2,12.56,13.24
-4.41,12.65,13.24
-4.02,12.26,12.85
-3.63,11.28,12.16
-2.84,10.79,11.97
-2.75,9.03,11.28
-2.45,8.14,11.28
-2.45,7.26,11.48
-2.45,6.28,11.67
-2.65,5.69,12.16
-3.53,5.89,12.65
-4.02,6.87,14.03
-4.71,6.97,13.93
-5.2,6.18,13.15
-5,6.08,13.34
-4.91,5.3,13.05
-5,5,12.75
-5,4.51,12.46
-4.91,4.41,12.36
-4.91,3.53,12.26
-4.41,3.14,12.26
-4.22,2.65,12.46
-3.83,2.55,12.36
-3.04,2.65,12.46
-2.94,3.14,12.75
-2.45,3.24,12.65
-2.26,3.34,12.46
-1.96,3.53,12.07
-1.96,3.53,11.87
-1.77,3.14,11.09
-1.47,3.14,10.69
-1.08,3.04,9.81
-0.98,2.06,9.12
-0.2,1.57,8.93
1.28,0.78,8.73
1.67,0.59,7.85
1.57,0.39,7.06
1.18,0.2,6.38
0.98,0.2,5.69
0.2,0.2,5.4
-0.39,0.1,5.3
-0.78,0,5.3
-0.88,0,5.3
-1.18,-0.39,5.2
-1.28,-0.59,5.2
-1.37,-0.78,5.2
-1.57,-1.08,5.3
-2.06,-1.67,5.3
-2.35,-2.35,5.4
-3.34,-2.94,5.3
-3.92,-3.53,5.4
-5.1,-3.24,5.79
-5.2,-2.45,6.38
-5.3,-2.16,6.57
-5.2,-1.37,6.97
-4.71,-0.29,7.16
-4.32,0,7.16
-3.63,0.49,7.06
-3.43,1.08,6.57
-3.04,1.18,6.18
-2.75,1.18,5.98
-2.75,1.08,5.79
-2.84,1.08,5.69
-3.14,0.2,5.49
-3.43,0,5.59
-3.53,-0.2,5.79
-3.53,-0.1,5.79
-3.63,0.29,5.69
-3.63,0.49,5.89
-3.53,0.69,5.98
-3.24,0.88,6.08
-2.65,1.28,6.18
-2.45,2.35,6.97
-2.35,2.84,7.46
-2.26,4.41,9.22
-2.55,6.18,10.5
-3.43,9.32,12.65
-3.92,9.61,12.85
-3.92,10.3,12.75
-3.63,9.91,12.26
-3.24,9.52,11.97
-2.94,8.83,11.77
-2.75,8.63,11.67
-2.55,8.73,11.58
-2.35,9.52,11.67
-2.35,10.5,12.36
-2.45,10.99,12.85
-2.35,11.38,13.34
-1.96,10.89,13.34
-1.77,9.71,13.54
-0.59,9.03,13.73
-0.39,8.44,14.52
-0.69,8.14,14.91
-0.29,8.44,14.91
0.39,9.61,15.7
0.78,12.65,16.38
1.67,13.73,16.38
1.96,17.27,15.6
2.26,18.25,15.11
2.06,19.13,14.42
1.18,19.23,14.42
0,16.87,12.65
-0.69,15.21,11.97
-0.98,13.44,10.89
-1.28,12.16,9.61
-1.28,11.97,8.34
-1.37,11.77,7.95
-1.47,11.77,7.46
-1.77,11.67,7.36
-1.86,11.87,6.97
-2.06,11.77,6.77
-2.06,11.77,6.47
-2.06,11.87,6.47
-1.96,11.97,6.47
-1.96,11.97,6.47
-1.96,11.87,6.57
-2.26,11.97,6.28
-2.06,11.28,6.08
-1.86,11.09,6.08
-1.77,10.4,6.28
-1.57,9.91,6.08
-1.47,9.71,5.98
-1.28,9.42,5.89
-1.28,9.22,5.89
-0.98,9.22,5.98
-0.88,9.22,6.18
-0.98,9.03,6.28
-1.18,8.53,6.87
-1.28,8.14,7.26
-1.37,8.04,7.36
-1.37,7.46,7.85
-1.37,7.16,7.95
-1.18,6.87,8.93
-1.18,6.77,9.12
-1.08,6.67,9.71
-0.88,6.57,9.71
-0.78,6.28,10.01
-0.69,6.18,10.1
-0.39,5.98,10.1
-0.1,5.2,9.91
-0.29,5.89,10.1
0,5.79,10.59
-0.1,5.4,10.69
0,5.2,10.59
0.1,4.51,10.69
0.39,4.22,10.79
0.39,3.73,10.89
0.59,2.94,11.67
0.69,2.55,11.28
0.69,1.77,10.59
0.69,1.57,10.5
0.69,0.69,10.1
0.88,0.2,10.1
1.08,-0.29,10.01
1.08,-0.59,10.01
1.18,-1.08,10.2
1.47,-1.37,10.4
1.67,-1.96,11.38
2.06,-2.16,11.77
2.26,-2.45,12.26
2.65,-2.75,12.56
2.84,-2.65,13.15
3.34,-2.45,13.05
3.63,-2.26,12.85
3.73,-2.16,12.85
3.92,-1.47,12.26
3.83,-1.08,12.16
3.73,-0.29,11.67
3.53,0,11.48
3.53,0.29,11.58
3.24,0.78,11.77
3.14,0.88,12.07
2.84,0.88,12.07
2.55,0.98,12.16
2.35,0.88,11.97
2.06,0.88,11.87
1.86,0.78,11.77
1.67,0.88,11.28
1.37,1.28,10.79
1.28,1.57,10.69
1.08,2.06,10.2
0.78,2.35,10.1
0.69,2.84,9.61
0.39,3.34,9.32
0.1,3.53,8.93
0.1,3.63,8.53
0,3.73,8.24
0,3.73,8.24
-0.1,3.63,8.04
0,3.63,7.95
0,3.92,7.95
0.1,4.41,8.04
0.49,5.1,8.34
0.78,6.47,8.63
0.88,7.06,8.63
0.98,7.36,8.63
1.28,7.46,8.63
1.37,7.46,8.53
1.37,7.46,8.44
1.47,7.46,8.24
1.86,6.97,7.95
1.47,8.14,8.14
1.67,8.04,8.24
1.86,8.04,7.46
2.35,8.73,6.67
2.26,9.61,6.28
1.96,10.4,5.79
1.47,10.89,5.79
1.47,11.38,5.4
1.08,11.48,5.3
0.78,11.87,5.4
0.78,11.97,5.59
0.78,12.65,5.1
0.98,10.79,4.61
0.59,14.22,6.18
0.39,14.13,7.06
0.49,13.24,7.16
0.98,12.65,6.18
1.37,13.44,7.46
1.47,13.64,8.04
1.77,13.54,8.83
2.06,13.34,8.93
2.35,14.03,10.01
2.94,14.03,10.5
2.94,13.73,11.67
2.45,13.54,11.67
2.06,13.93,12.26
1.77,14.03,12.46
1.77,13.93,12.56
1.47,13.93,12.07
1.57,13.24,12.07
1.67,12.26,11.48
1.86,10.99,11.09
2.16,9.12,10.89
2.45,8.73,10.89
2.65,7.16,10.59
2.84,6.77,10.59
2.84,6.08,10.5
3.24,5.59,10.5
3.24,5.4,10.4
3.53,5.4,10.4
3.53,5.89,10.69
3.63,6.47,11.09
3.34,6.97,11.28
3.24,7.55,11.67
2.94,7.65,11.67
2.84,7.46,11.67
2.75,7.26,11.58
2.84,7.06,11.58
2.75,6.38,11.28
2.65,5.89,11.28
2.75,5.3,10.89
2.65,4.81,10.79
2.45,3.73,10.3
2.26,3.43,10.3
2.06,3.04,10.01
1.96,2.55,9.71
1.77,2.45,9.61
1.77,2.06,9.12
1.67,1.86,9.12
1.57,1.86,8.83
1.47,1.57,8.63
1.37,0.88,7.46
1.18,0.29,7.06
1.18,0,6.87
0.88,-0.69,6.57
0.69,-0.98,6.57
0.69,-1.28,6.38
0.69,-2.06,5.89
0.88,-2.45,5.79
0.98,-2.45,6.28
0.98,-2.16,6.77
0.88,-2.06,7.16
1.08,-1.86,7.55
1.28,-1.57,7.95
1.37,-1.47,8.34
1.47,-1.28,8.63
1.86,-1.18,8.83
2.26,-1.18,9.12
2.35,-1.18,9.32
2.94,-1.37,9.61
3.14,-1.47,10.69
3.43,-1.47,10.89
3.63,-1.47,12.16
4.12,-1.47,12.56
4.32,-1.08,13.73
4.51,-0.88,14.03
4.51,0.1,14.32
4.51,0.49,14.03
4.32,1.08,13.93
3.92,2.26,12.85
3.92,2.84,12.95
3.63,3.92,12.56
3.34,3.92,12.46
3.24,4.32,12.75
3.14,4.41,12.85
2.94,5.1,13.44
2.75,5.4,13.54
2.55,5.59,13.73
2.45,5.69,13.73
2.35,5.89,13.83
2.26,6.08,13.73
2.06,6.18,13.44
2.06,6.38,13.24
1.96,6.57,13.05
1.86,6.77,12.26
1.77,6.87,11.97
1.57,6.97,10.99
1.67,6.97,10.2
1.67,6.97,10.01
1.57,7.06,9.71
1.47,6.77,9.12
1.18,6.67,8.53
1.08,6.67,8.53
0.69,6.67,8.63
0.59,6.77,8.44
0.49,6.97,8.14
0.39,7.26,8.04
0.39,7.16,7.85
0.49,6.97,7.65
0.88,6.67,7.36
1.18,6.67,7.26
1.47,6.87,7.06
1.67,6.97,6.97
1.57,7.85,6.97
1.86,8.24,6.97
2.35,9.03,6.77
2.45,9.42,6.28
2.65,9.61,6.08
2.84,9.81,5.89
2.84,9.81,5.59
3.14,9.81,5.1
3.14,9.81,5.1
3.14,9.81,5.1
2.55,9.91,5.1
2.45,10.01,5.2
2.45,10.4,5.2
2.65,11.18,5.1
2.55,10.69,5.2
2.75,13.83,6.18
3.24,14.13,6.67
3.73,12.85,6.28
4.22,13.44,6.87
4.91,14.22,7.16
5,14.71,9.12
5.49,14.81,9.42
5.69,14.62,10.1
5.89,14.32,10.1
5.79,14.22,10.99
5.49,14.13,10.99
5.3,13.34,10.79
4.81,13.64,10.79
4.81,14.42,11.09
5.3,14.62,11.18
4.91,13.83,10.5
4.41,13.05,9.81
4.41,12.07,9.81
4.22,10.99,9.81
4.02,9.42,9.81
3.83,8.04,9.91
3.83,7.55,9.91
3.83,6.28,10.01
3.92,5.98,10.01
4.02,5.4,9.91
4.12,5.3,9.91
4.32,5.49,10.2
4.51,5.59,10.3
4.51,5.79,10.5
4.41,6.18,11.09
4.12,6.47,11.28
3.43,6.57,11.48
3.34,6.47,11.67
3.14,6.38,11.67
3.14,6.08,11.58
3.14,5.89,11.48
3.04,5.59,11.38
3.14,5.2,11.28
3.14,4.51,11.09
3.14,3.73,10.79
3.04,3.34,10.59
2.84,2.65,10.1
2.55,2.06,9.81
2.55,1.67,9.42
2.55,1.08,9.12
2.16,0.78,9.03
2.06,0.59,8.83
1.96,0.2,8.24
1.57,0,8.04
1.57,0.1,7.85
1.18,0.1,7.85
0.98,0.1,7.75
0.98,0,7.65
0.98,-0.1,7.55
1.18,-0.29,7.46
1.08,-0.39,7.46
1.18,-0.59,7.36
1.08,-0.88,7.26
1.28,-1.08,7.36
1.28,-1.28,7.36
1.37,-1.37,7.36
1.37,-1.57,7.36
1.57,-1.67,7.46
1.57,-1.77,7.55
1.67,-1.96,7.65
1.77,-2.26,7.46
1.96,-2.26,7.55
2.06,-2.45,7.46
2.26,-2.65,7.46
2.35,-2.75,7.65
2.45,-2.75,7.75
2.65,-2.84,7.75
2.94,-2.94,7.85
3.14,-3.14,8.53
3.53,-2.94,9.42
3.73,-2.75,9.91
4.41,-2.06,11.38
4.51,-1.96,11.67
4.81,-0.88,12.75
5.4,0.1,13.24
5.2,1.96,13.34
5,3.04,13.05
4.61,4.22,13.15
4.32,5.59,13.24
3.43,5.98,13.34
3.43,6.97,13.44
3.34,6.97,13.73
2.94,7.75,13.93
2.94,7.75,13.93
2.94,7.85,13.64
2.84,7.75,13.64
2.94,7.65,13.34
3.04,7.65,13.15
3.24,7.46,12.65
3.34,7.36,12.46
3.34,7.26,11.77
3.34,7.36,11.09
3.24,7.36,10.4
3.14,7.55,10.01
2.94,7.55,9.91
2.75,7.75,9.32
2.45,7.85,9.22
2.35,8.14,8.83
2.26,8.24,8.63
2.06,8.14,8.24
1.96,8.14,8.04
1.96,8.04,7.95
1.96,7.95,7.75
2.06,8.04,7.65
1.96,8.14,7.65
1.77,8.44,7.55
1.67,8.63,7.55
1.47,8.93,7.26
1.47,9.03,7.06
1.47,9.22,6.57
1.47,9.32,6.08
1.57,9.42,5.79
1.67,9.52,5.59
1.86,9.52,5.3
2.06,9.61,5.2
2.45,9.61,4.71
2.75,9.71,4.32
3.04,9.91,3.83
3.53,10.01,3.73
3.73,10.5,3.34
3.83,10.59,3.14
4.02,11.18,2.75
4.02,11.28,2.55
4.61,10.99,2.26
4.61,11.48,1.96
4.61,11.48,1.86
4.61,11.48,1.86
4.71,11.28,1.96
4.71,11.09,1.57
4.91,11.09,1.37
5,11.97,1.67
5.4,11.87,1.86
5.3,11.09,1.86
5.79,10.79,1.96
5.98,11.09,1.57
5.89,11.58,1.77
5.79,11.28,2.45
5.98,11.09,2.75
6.18,11.38,3.24
6.67,11.77,3.73
7.06,12.07,4.02
7.16,12.75,5.1
7.75,13.15,5.4
7.85,13.54,5.79
7.95,13.73,5.98
7.95,13.73,6.57
8.04,13.73,6.67
7.85,13.64,6.87
7.55,13.54,6.97
7.36,12.85,7.06
6.67,12.56,7.06
6.57,12.07,7.16
6.08,11.18,7.55
5.59,10.89,7.75
5.2,9.91,8.04
4.71,9.22,8.14
4.51,8.83,8.24
4.22,8.44,8.34
4.02,8.04,8.34
4.22,7.65,8.53
4.32,7.65,8.63
4.61,7.85,9.32
4.81,8.04,9.81
5,8.53,10.69
5,8.63,11.28
4.81,8.93,12.26
4.32,8.73,12.16
4.22,8.73,12.26
3.83,8.44,11.97
3.83,8.04,12.07
3.83,7.75,12.16
3.53,6.97,11.67
3.63,6.77,11.38
3.43,6.47,11.48
3.34,5.98,11.77
3.14,5.79,11.87
2.94,5.49,11.97
2.84,4.91,11.97
2.84,4.71,11.67
2.65,4.41,11.58
2.65,3.92,10.89
2.55,3.83,10.3
2.84,3.63,10.2
2.55,3.73,9.91
2.84,3.83,9.61
3.04,3.92,9.61
3.04,3.92,9.81
2.94,3.63,9.71
2.84,3.24,10.01
2.06,3.14,10.01
1.86,2.75,9.52
1.67,2.65,9.42
1.37,2.35,9.32
1.28,1.96,9.42
1.57,1.47,9.52
1.67,1.08,9.52
1.57,0.69,9.12
1.37,0.29,8.83
1.28,0,8.53
0.78,-0.1,7.95
0.39,-0.49,7.26
-0.29,-0.88,6.87
-0.78,-1.47,6.47
-0.98,-1.86,6.38
-1.08,-2.26,6.18
-1.18,-2.65,5.98
-1.18,-2.75,5.98
-1.18,-2.94,5.69
-1.28,-2.84,5.69
-1.28,-2.55,5.79
-1.37,-2.16,6.08
-1.47,-1.37,5.89
-1.67,0,6.57
-1.86,0.59,6.67
-2.06,1.57,7.36
-2.06,2.55,8.34
-1.57,2.94,8.53
-1.37,3.34,9.61
-1.08,4.32,10.89
-0.39,5.49,11.67
-0.1,6.28,12.26
0,7.65,12.65
0.2,8.34,12.46
0.2,8.63,12.36
0,9.12,12.16
0,9.61,12.16
0,10.01,12.07
-0.1,10.2,11.97
-0.29,10.3,11.38
-0.39,10.1,10.59
-0.2,10.1,10.4
-0.2,10.01,9.61
-0.1,9.71,8.83
0,9.91,8.73
0,10.1,8.53
0.1,10.3,8.44
0.2,10.69,8.44
0.2,11.09,8.44
0.1,11.28,8.34
0.2,11.18,8.04
0.1,11.18,7.65
0,11.28,7.26
-0.1,11.38,7.26
-0.59,11.87,7.26
-0.78,12.85,7.85
-1.28,13.24,8.04
-1.37,14.42,9.12
-1.86,14.71,9.03
-2.06,15.6,9.12
-2.84,15.7,8.83
-3.63,15.7,8.44
-3.73,15.4,7.95
-4.12,15.21,7.75
-4.32,15.3,7.36
-4.71,15.6,7.36
-5.69,15.5,7.26
-6.47,15.11,6.38
-7.16,15.01,6.28
-7.65,14.22,5.98
-7.75,13.83,5.3
-7.65,13.34,4.81
-7.55,13.34,4.81
-7.46,13.24,4.61
-7.36,12.95,4.32
-7.26,12.75,4.22
-7.06,12.95,3.63
-6.97,12.95,3.63
-7.06,12.65,2.84
-6.38,12.46,2.75
-5.69,12.56,2.55
-5.89,11.97,2.16
-4.71,10.99,2.16
-3.83,10.89,1.77
-3.43,10.59,1.86
-2.65,10.3,2.06
-2.26,10.3,2.16
-1.86,9.91,2.45
-1.18,9.81,2.45
-1.08,9.61,2.45
-1.18,9.81,1.67
-0.88,9.61,1.67
-0.69,9.12,1.77
-0.39,8.53,1.57
-0.29,8.24,1.67
-0.1,7.75,2.06
0,7.46,2.55
-0.29,7.75,4.22
-0.59,7.85,5.1
-1.08,8.14,5.3
-1.57,9.03,5.79
-2.16,9.42,5.79
-2.26,9.71,6.67
-1.77,9.81,6.77
-1.86,9.52,6.77
-1.77,8.93,6.87
-0.78,7.65,6.77
-0.69,7.16,6.57
-0.49,6.67,6.47
-0.59,6.47,6.28
-0.88,5.98,6.28
-1.18,5.69,6.28
-1.77,5.2,6.08
-2.26,4.91,6.08
-2.75,4.51,6.08
-2.84,4.22,5.98
-3.04,4.02,5.98
-3.24,3.34,5.59
-3.34,2.94,5.59
-3.53,1.86,5.79
-3.43,1.67,5.89
-3.43,1.67,6.47
-3.63,1.57,7.06
-3.83,1.67,7.65
-4.41,1.86,7.75
-4.91,1.86,7.85
-5.69,1.37,8.04
-5.98,0.98,8.04
-6.08,0.49,7.85
-6.18,-0.1,7.75
-6.08,-0.78,7.75
-5.79,-1.37,7.46
-5.69,-1.77,7.55
-5.69,-1.86,7.65
-6.08,-2.06,8.53
-7.06,-2.16,8.73
-7.85,-2.35,8.53
-8.24,-2.35,8.44
-8.63,-2.45,8.24
-8.83,-2.45,8.24
-8.14,-2.45,8.14
-7.75,-1.96,9.12
-6.97,-1.08,10.5
-6.67,-0.69,10.79
-6.77,-0.1,11.38
-6.67,0.39,11.77
-6.38,0.88,11.97
-6.18,1.28,11.97
-5.89,1.37,11.87
-5.79,1.86,11.87
-4.81,2.26,11.87
-4.61,2.94,11.77
-3.83,3.34,11.77
-3.53,4.12,11.77
-2.94,4.51,11.97
-2.75,5.69,12.56
-2.06,6.28,12.65
-1.86,7.06,12.46
-1.67,7.46,11.97
-1.57,7.55,11.28
-1.57,7.55,11.18
-1.57,7.55,10.89
-1.67,7.55,10.89
-1.77,7.75,10.59
-2.35,7.75,10.59
-2.55,7.55,10.3
-2.65,7.65,10.01
-3.04,7.65,9.81
-3.14,7.55,9.22
-3.73,7.26,9.03
-3.83,7.06,8.14
-4.02,6.77,7.36
-3.92,6.77,7.16
-3.83,6.97,6.77
-3.73,6.97,6.47
-3.92,7.06,6.38
-4.22,6.97,6.18
-4.32,7.06,6.08
-4.41,6.97,5.98
-4.71,6.77,5.89
-4.81,6.67,4.81
-4.61,6.67,4.71
-4.41,7.16,4.41
-4.22,7.26,4.41
-4.02,7.65,4.41
-3.73,8.83,4.61
-3.34,9.32,4.81
-3.14,10.89,5.4
-2.75,11.58,5.49
-3.04,12.46,6.28
-3.34,13.24,6.28
-4.02,14.13,6.67
-5.1,14.32,6.67
-5.49,14.22,7.06
-6.18,14.22,7.06
-6.57,14.22,7.26
-7.55,14.13,7.55
-8.44,14.13,7.55
-8.73,14.13,7.95
-9.52,14.03,8.63
-10.4,14.13,8.73
-10.89,14.13,9.03
-11.38,13.93,9.61
-11.58,13.93,9.71
-12.85,13.34,10.3
-12.65,12.65,10.3
-12.07,12.95,10.5
-11.48,12.75,11.48
-10.1,12.46,11.77
-9.22,11.97,11.58
-8.73,11.77,11.09
-7.55,10.2,10.1
-6.28,9.71,9.91
-5.98,8.63,8.73
-5,8.34,8.44
-4.81,7.46,7.55
-4.22,7.46,7.46
-4.02,7.16,7.26
-3.53,7.16,7.26
-3.34,7.26,7.26
-3.24,7.26,6.67
-3.14,7.06,5.79
-2.55,6.97,4.81
-2.26,6.67,4.61
-2.26,6.38,3.83
-2.26,5.89,3.43
-2.16,5.59,2.65
-2.55,5,2.35
-2.55,4.61,2.35
-2.55,4.32,2.75
-2.45,4.32,3.04
-2.26,4.51,3.24
-2.26,5.1,3.43
-2.26,5.2,3.34
-2.35,5.1,3.34
-3.14,3.92,3.92
-3.53,2.94,4.22
-3.73,2.65,4.32
-3.83,2.26,4.32
-3.73,2.16,4.32
-3.53,1.77,4.12
-3.43,1.57,4.12
-3.53,1.28,4.22
-3.73,0.29,4.71
-3.92,0,4.81
-4.12,-0.29,5.1
-4.32,-0.49,5.2
-4.41,-0.69,5.3
-4.61,-0.69,5.49
-4.22,-0.39,5.3
-4.02,0.2,5.49
-2.75,1.47,5.98
-2.26,1.77,6.08
-1.96,2.06,6.28
-1.77,1.57,6.57
-1.18,1.28,6.77
-1.18,0.39,7.26
-1.28,0,8.14
-1.47,-0.39,8.24
-1.28,-0.59,8.53
-0.69,0,9.12
-0.2,1.08,10.2
0,2.94,10.69
0.39,5.2,12.26
0.88,5.98,12.75
0.29,6.77,13.44
0.29,6.77,13.54
0,6.67,13.15
-0.2,6.18,12.85
-0.49,5.59,12.46
-0.69,5.49,12.36
-0.69,5.89,12.65
-0.39,6.47,12.75
-0.29,7.65,12.85
0,8.73,12.65
0,9.52,12.65
0,9.42,11.97
0,8.83,11.28
-0.1,8.53,11.18
0,8.04,10.79
-0.29,7.75,10.79
-0.59,6.97,10.2
-0.69,6.18,9.42
-0.78,6.08,9.12
-0.78,5.98,8.93
-0.69,5.98,8.73
-0.69,6.18,8.53
-0.29,6.38,8.14
0,6.47,7.85
0.29,6.57,7.46
1.18,7.46,6.77
1.96,8.14,6.57
2.26,8.63,6.28
2.84,8.73,6.18
2.94,8.53,5.98
2.94,8.14,5.89
2.75,8.04,5.59
2.75,7.46,5.69
2.26,7.26,5.59
1.67,7.55,5.79
0.98,7.65,5.69
0.78,7.85,5.79
0.59,8.63,5.89
0.39,9.32,5.98
0.49,9.61,5.89
0.39,10.01,6.18
0.1,10.59,6.38
0,10.89,6.67
-0.1,10.99,6.77
-0.39,11.09,6.87
-0.49,10.99,6.97
-0.59,11.18,6.87
-0.78,11.28,6.77
-0.59,11.38,6.67
-0.39,11.67,6.57
-0.1,11.87,6.57
0.1,12.26,6.18
0.69,12.65,6.28
1.18,13.05,6.38
1.57,13.44,6.77
1.96,13.64,6.87
1.96,13.93,7.36
2.26,14.13,7.36
2.55,13.73,8.24
3.34,13.54,8.93
3.24,13.93,8.53
2.55,13.73,10.89
3.63,14.13,11.28
4.32,14.52,11.58
4.81,15.11,11.87
5.1,15.4,12.65
5.1,15.79,12.56
4.81,15.99,12.26
4.32,16.19,12.16
4.12,16.09,11.58
4.12,15.79,11.38
4.02,14.71,10.2
3.83,12.95,9.71
3.63,11.67,9.61
3.53,9.32,8.93
3.34,8.53,8.83
3.24,7.65,8.73
3.43,7.16,8.63
3.53,6.57,8.53
3.53,6.28,8.53
3.63,5.89,8.73
3.73,5.79,8.93
3.63,5.79,9.32
3.73,5.89,9.61
3.63,6.18,9.91
3.53,6.28,10.01
3.63,6.57,10.3
3.53,6.47,10.3
3.53,6.47,10.4
3.53,6.38,10.5
3.53,6.28,10.5
3.53,5.79,10.5
3.43,5.59,10.5
3.34,5.1,10.2
3.34,4.91,10.1
3.14,4.51,10.01
3.14,4.32,9.81
3.04,4.12,9.81
3.04,3.83,9.61
3.04,3.63,9.42
2.75,3.14,9.12
2.75,3.04,8.93
2.75,2.94,8.53
2.75,2.84,8.44
2.75,2.84,8.34
2.65,2.75,8.04
2.65,2.65,7.65
2.65,2.55,7.55
2.65,2.45,7.46
2.55,2.16,7.16
2.16,2.16,7.06
1.96,2.06,6.77
1.47,2.06,5.89
1.08,1.96,5.79
0.78,1.77,5.89
0.39,1.08,5.89
0,0.78,5.79
-0.49,0.39,5.89
-0.69,0.2,6.08
-0.88,-0.1,6.47
-1.28,-0.49,6.67
-1.77,-0.88,7.16
-2.16,-1.18,7.26
-2.55,-1.28,7.75
-3.04,-1.77,7.95
-4.02,-2.16,8.04
-4.41,-2.45,8.34
-4.81,-2.65,8.44
-4.91,-2.94,8.73
-4.51,-3.04,8.93
-4.41,-2.94,9.52
-3.14,-2.75,10.1
-2.75,-2.75,10.2
-2.65,-2.55,10.4
-2.26,-1.77,10.89
-1.96,-0.49,11.38
-1.96,0.29,11.38
-2.35,0.2,11.38
-2.35,1.67,11.67
-2.84,1.86,11.87
-2.94,1.96,11.48
-3.04,2.16,11.58
-2.94,2.35,11.67
-2.65,2.45,11.67
-2.26,2.94,11.67
-1.28,3.24,11.77
-0.59,3.92,12.36
0.2,4.41,12.46
0.49,4.61,12.46
0.78,4.91,12.56
1.08,5.49,12.46
1.47,5.59,12.36
1.67,6.08,11.97
1.67,6.38,11.77
1.77,6.57,11.38
1.67,6.57,11.28
1.57,6.57,10.79
1.67,6.47,10.69
1.67,6.47,10.2
1.77,6.47,10.01
1.67,6.38,9.71
1.77,6.38,9.42
1.86,6.28,8.93
1.77,6.18,8.83
1.86,6.08,8.53
1.67,5.89,8.34
1.57,5.69,7.95
1.47,5.3,7.85
1.47,5.1,7.55
1.67,5.1,7.46
1.77,5.1,7.26
1.96,5.2,7.26
2.06,5.49,7.26
2.26,5.98,7.36
2.45,6.18,7.26
2.45,6.38,7.26
2.65,6.38,7.26
2.65,6.47,7.36
2.75,6.47,7.26
2.84,6.38,7.06
3.53,6.57,6.97
3.73,7.06,6.77
4.02,7.65,6.57
5.1,8.53,6.08
5.89,8.73,6.08
6.38,9.61,6.08
6.47,9.91,6.08
6.67,10.1,5.98
6.67,10.2,6.08
6.47,10.01,5.79
6.67,10.4,5.69
6.67,10.69,6.08
6.28,10.59,6.08
6.18,10.79,5.98
6.18,11.38,6.28
6.28,11.58,6.28
6.47,11.97,6.87
6.77,12.07,7.06
6.67,12.26,7.36
6.67,12.65,7.36
6.57,13.44,8.04
6.47,14.42,8.53
6.38,14.32,8.34
6.67,14.42,7.85
6.87,14.22,8.14
6.77,14.32,7.46
6.47,14.22,7.36
6.28,14.03,6.97
5.98,13.44,6.57
5.98,13.05,6.18
5.98,11.97,5.4
6.08,11.58,5.59
6.08,10.89,5.69
6.18,9.71,5.89
6.38,8.73,6.08
6.47,8.53,6.28
6.38,7.85,6.38
6.47,7.36,6.67
6.47,7.06,7.16
6.67,6.87,7.26
6.77,7.26,7.95
6.97,7.75,8.24
6.97,7.95,8.34
6.97,8.44,8.83
6.67,8.34,8.93
6.57,8.34,9.22
6.38,8.14,9.22
6.18,7.85,9.12
5.89,7.65,9.22
5.59,6.67,9.42
5.49,5.98,9.22
4.81,5.3,9.12
4.61,4.81,9.03
4.41,4.71,8.83
4.32,4.61,8.73
4.32,4.71,8.63
4.22,4.61,8.04
4.32,4.61,8.44
3.83,4.51,8.24
3.34,4.32,8.14
3.24,4.12,7.85
2.65,3.92,7.85
2.55,3.73,7.55
2.35,3.63,7.55
2.06,3.83,7.55
1.67,3.73,7.46
1.67,3.83,7.46
1.18,3.83,7.46
0.98,3.83,7.65
0.49,3.73,7.85
0.2,3.63,8.14
0.1,3.53,8.53
0,3.34,8.53
0,3.53,8.63
0.39,4.12,8.44
0.49,4.51,8.14
0.59,4.81,7.95
0.69,5.1,7.75
0.69,4.71,7.46
0.88,4.41,7.46
1.08,4.02,7.36
0.98,3.73,7.16
1.08,3.53,7.06
0.88,3.63,6.87
0.59,4.02,6.18
0.29,4.32,5.89
-0.29,4.81,5.4
-0.69,5.1,5.3
-0.98,5.49,5.1
-1.08,5.89,5.2
-1.37,6.08,5.2
-1.37,6.28,5.4
-1.28,6.38,5.69
-0.98,6.28,5.79
-0.69,5.89,6.28
-0.39,5.59,6.57
-0.29,4.91,7.16
0,4.41,7.06
0.1,3.83,7.16
0.39,3.43,6.77
0.39,3.43,6.67
0.29,3.34,6.38
0.29,3.34,6.18
0.39,3.34,6.28
0.69,3.14,6.18
0.78,3.04,6.08
1.18,3.14,6.38
1.57,3.24,6.67
1.86,3.43,6.87
2.16,3.43,6.97
2.35,3.63,7.46
2.45,3.73,7.65
2.55,3.92,7.85
2.84,4.51,8.34
3.04,4.71,8.53
2.94,5.3,9.12
3.04,5.3,9.71
2.84,5.59,10.2
2.94,5.89,10.3
2.84,6.28,10.89
2.45,7.26,11.77
1.96,8.04,12.16
1.67,8.24,12.26
1.18,9.03,11.87
1.08,8.73,11.77
1.18,8.04,10.89
1.08,7.36,10.5
1.18,6.77,10.01
1.18,6.47,9.91
1.08,6.08,9.61
1.08,5.79,9.52
1.08,5.69,9.52
1.08,5.79,9.52
1.08,5.89,9.52
1.08,6.18,9.71
1.18,6.47,9.91
1.08,6.47,10.2
1.18,6.47,10.3
1.37,6.38,10.5
1.57,6.28,10.59
1.96,5.98,10.89
2.16,5.59,11.18
2.16,5.1,11.97
2.16,4.91,12.16
1.96,4.71,12.75
1.57,4.61,12.95
1.37,4.61,13.24
0.98,4.61,13.34
0.78,4.81,13.54
0.2,5,13.54
0,5.2,13.34
-0.2,5.69,12.85
-0.1,5.98,12.36
0,6.08,12.26
0,6.28,11.87
0.29,6.47,11.87
0.29,6.57,11.77
0.49,6.77,11.38
0.59,6.87,11.18
0.88,7.06,11.18
1.08,7.26,10.79
1.18,7.36,10.59
1.08,7.16,10.4
0.98,7.16,10.3
0.98,6.87,10.1
0.98,6.77,10.01
0.98,6.57,9.91
1.08,6.47,9.91
1.18,5.98,9.61
1.28,5.79,9.52
1.47,5.59,9.52
1.86,5.2,9.52
1.86,5.1,9.12
1.86,5,8.93
1.86,4.91,8.83
1.96,4.91,8.63
1.96,4.91,8.14
2.06,4.71,7.65
2.26,4.51,7.46
2.45,4.32,7.46
2.55,4.12,7.46
2.65,4.12,7.46
3.04,3.73,7.26
3.34,3.63,7.16
3.53,3.63,6.87
3.83,3.83,6.77
4.22,3.83,6.77
5.3,4.12,6.57
5.49,4.51,6.57
6.38,4.61,6.57
6.77,4.71,6.47
7.26,4.71,6.38
7.75,4.61,6.38
7.95,4.41,6.38
8.04,4.02,6.38
8.14,3.63,6.38
7.95,3.24,6.38
7.85,2.94,6.57
7.85,2.84,6.57
7.85,3.04,6.87
7.75,3.14,6.77
7.65,3.34,6.97
7.65,3.34,7.16
7.36,3.63,7.26
6.97,3.83,7.46
6.67,3.92,7.85
6.38,3.83,8.14
5.98,3.73,8.63
5.69,3.73,8.83
5.49,3.63,8.83
5.49,3.73,9.12
5.49,3.92,9.22
5.4,4.22,9.52
5.4,4.32,9.52
5.4,4.61,9.71
5.3,4.61,10.01
5.1,4.61,10.3
5.1,4.51,10.3
5,4.41,10.4
4.71,4.22,10.59
4.51,4.02,10.69
4.51,3.83,10.69
4.32,3.83,10.79
4.22,3.73,10.99
4.02,3.53,11.58
3.92,3.53,11.67
3.92,3.73,12.16
3.83,3.92,12.26
3.83,4.32,12.56
3.73,4.61,12.46
3.53,4.71,12.46
3.43,5,12.36
3.14,5,12.36
2.94,5.1,12.07
2.55,5.2,11.67
2.26,5.1,11.48
2.06,5.2,11.28
1.96,5.1,11.18
1.96,5.2,11.09
1.96,5.3,11.09
2.06,5.4,11.09
1.96,5.4,11.09
1.96,5.3,11.09
1.86,5.3,11.18
1.77,5.3,11.18
1.67,5,10.99
1.67,4.81,10.89
1.37,4.71,10.89
1.37,4.71,10.89
1.28,4.61,10.89
1.28,4.51,10.69
1.18,4.51,10.59
1.18,4.41,10.5
0.88,4.22,10.5
0.69,4.02,10.59
0.1,4.02,10.59
0,4.12,10.69
-0.39,4.22,10.69
-0.49,4.41,10.69
-0.78,4.71,10.69
-1.28,4.61,10.59
-1.47,5,10.59
-1.47,5.2,10.3
-1.37,5.3,10.4
-1.18,5.69,10.5
-0.98,5.69,10.5
-0.98,5.89,10.59
-0.88,5.98,10.59
-0.98,5.89,10.59
-0.88,5.79,10.59
-0.78,5.89,10.69
-0.78,5.79,10.79
-0.69,5.79,10.79
-0.69,5.89,10.99
-0.69,6.08,11.28
-0.69,6.28,11.38
-0.69,6.67,11.58
-0.69,6.87,11.67
-0.78,6.97,11.67
-0.78,6.87,11.77
-0.69,6.47,12.16
-0.39,6.18,12.26
-0.2,5.89,12.36
0,5.59,12.26
0.29,5.4,12.16
0.29,5.4,11.87
0.29,5.59,11.58
0.1,6.08,11.09
-0.1,6.18,10.01
-0.49,6.67,9.71
-0.69,6.87,9.22
-0.88,6.77,8.93
-0.88,6.38,8.73
-0.78,5.89,8.53
-0.39,5,8.63
-0.49,4.71,8.93
-0.39,3.92,8.83
-0.59,3.53,8.93
-0.78,3.34,8.83
-1.08,3.24,8.83
-1.18,3.14,8.73
-1.18,3.24,8.53
-1.18,3.43,7.95
-1.08,3.53,7.75
-0.98,3.73,7.46
-0.59,3.83,7.06
-0.39,3.53,6.57
-0.39,3.14,6.47
-0.49,2.84,6.57
-0.59,2.65,6.57
-0.78,2.45,6.67
-0.88,2.26,6.67
-0.98,1.96,6.87
-0.98,1.67,6.57
-1.08,1.57,6.28
-1.08,1.57,6.08
-1.08,1.47,5.79
-1.18,1.47,5.79
-1.18,1.28,5.79
-1.18,1.28,5.79
-1.18,1.37,5.89
-1.18,1.47,5.79
-0.98,1.47,5.89
-0.98,1.57,6.08
-0.88,1.67,5.98
-0.78,1.67,5.98
-0.59,1.67,6.08
-0.49,1.77,6.18
-0.29,1.77,6.38
-0.1,1.86,6.57
0,1.96,7.26
0,1.86,7.46
0.2,1.77,7.75
0.2,1.77,8.34
0.39,1.67,8.44
0.59,1.47,8.93
0.78,1.57,9.52
1.18,1.57,10.2
1.18,1.96,11.28
1.28,1.96,11.38
1.47,1.96,12.07
1.96,1.96,12.26
2.16,2.06,12.56
2.06,2.16,12.46
2.06,1.77,12.36
2.26,1.57,12.46
2.26,1.28,12.75
2.45,1.28,12.75
2.35,1.08,13.15
2.26,1.08,13.24
2.26,1.18,13.24
1.96,1.47,13.24
1.37,1.67,13.24
0.98,1.96,13.24
0.49,2.16,13.15
0.2,2.45,13.05
-0.1,3.04,12.95
-0.69,4.12,12.85
-0.39,4.41,12.85
0,4.91,12.85
0.49,5.3,12.95
0.78,5.49,13.05
0.88,5.49,13.24
1.08,5.49,13.34
1.08,5.59,13.34
0.98,5.49,13.44
0.98,5.59,13.44
0.88,5.69,13.15
0.78,5.89,12.65
0.88,5.98,12.46
1.18,6.08,12.07
1.28,6.67,10.99
2.26,6.97,10.5
2.75,7.16,10.5
2.75,7.26,9.81
2.06,7.06,9.71
1.37,6.87,9.61
1.28,6.67,9.52
1.08,6.18,9.03
0.49,6.08,8.93
0.29,6.08,8.63
0.69,6.38,8.24
1.18,6.67,7.46
1.18,7.16,7.26
1.77,7.36,6.77
1.77,7.55,6.67
1.57,7.75,6.77
1.67,8.04,6.87
1.57,8.14,6.77
1.57,8.24,6.77
1.86,8.34,6.47
2.45,8.44,6.38
2.94,9.03,6.18
3.14,9.42,6.08
3.83,9.71,5.98
4.12,10.1,6.08
4.32,10.2,6.08
4.41,10.79,6.08
4.91,10.89,6.08
4.81,11.28,5.89
5.1,10.5,5.89
4.81,10.4,5.59
4.41,10.69,5.69
4.71,11.38,6.87
4.71,10.69,6.97
6.18,10.79,6.87
6.77,11.48,7.36
6.77,11.28,7.95
7.16,11.58,8.53
7.36,11.58,9.22
7.16,11.38,9.52
7.06,11.18,10.3
6.87,11.28,10.5
6.87,11.38,10.89
6.67,11.38,11.09
6.38,11.48,11.09
6.08,11.58,11.09
5.69,11.77,10.99
5.49,11.97,10.4
5,11.67,10.4
4.71,11.38,10.3
4.41,10.59,10.4
4.32,9.81,10.5
4.12,8.83,10.89
4.22,7.26,11.18
4.02,6.97,11.38
4.02,5.49,11.67
4.02,5.3,11.77
3.92,4.41,12.16
3.43,4.22,12.16
3.34,4.41,12.56
3.43,4.81,12.75
3.43,5.1,12.75
3.43,5.3,12.85
3.34,5.69,12.65
3.04,5.98,12.95
2.65,5.89,13.05
2.45,5.59,12.85
1.86,5.49,12.85
1.77,5.2,12.85
1.47,4.61,12.75
1.47,4.22,12.95
1.28,3.43,12.46
1.37,3.24,12.36
1.47,2.45,12.36
1.67,2.16,12.26
1.77,1.96,12.16
2.06,1.96,12.26
2.06,1.37,11.77
2.06,1.28,11.58
2.16,1.18,11.09
2.16,1.18,10.89
2.16,1.08,10.79
2.16,0.98,10.5
2.16,0.98,10.4
2.35,0.88,10.01
2.45,0.69,9.42
2.35,0.69,9.32
2.16,0.39,9.03
2.16,0.2,8.44
2.06,-0.1,7.75
1.96,-0.39,7.26
1.96,-0.78,6.97
1.86,-1.67,6.57
1.77,-2.45,5.98
1.57,-2.94,5.79
1.67,-3.24,5.89
1.57,-4.02,5.98
1.47,-4.32,6.08
1.37,-4.32,6.08
1.28,-4.32,6.08
1.18,-3.83,6.08
1.08,-3.63,6.08
1.08,-3.43,6.08
1.18,-3.14,6.18
1.28,-2.84,6.28
1.57,-2.35,6.47
1.86,-1.67,7.46
2.45,-1.57,7.75
2.75,-1.57,8.83
3.24,-1.18,9.71
3.92,-1.18,10.2
4.32,-0.98,10.5
4.51,-0.59,11.09
4.61,-0.1,11.28
4.32,0.2,11.38
4.12,1.37,11.28
3.14,1.57,11.28
3.04,2.65,11.77
2.65,2.84,11.58
2.45,3.83,12.26
2.26,3.92,12.36
2.45,4.02,12.56
2.75,3.92,12.56
3.04,3.92,12.46
3.14,3.92,12.16
3.43,4.12,12.16
3.73,4.51,11.97
4.02,4.61,11.87
4.12,5.3,11.58
4.32,5.4,11.48
4.32,5.79,11.09
4.32,5.89,10.89
4.12,6.08,10.4
3.73,6.18,10.4
3.63,6.38,10.3
2.94,6.38,10.2
2.65,6.47,9.71
2.45,6.38,9.32
2.55,6.38,9.32
2.65,6.08,8.73
2.84,5.98,8.44
2.94,5.98,8.24
3.04,5.98,7.95
3.24,5.98,7.65
3.24,5.98,7.36
3.43,5.89,7.26
3.53,5.89,6.87
3.53,5.89,6.57
3.53,5.98,6.47
3.53,5.98,6.47
3.73,6.08,6.38
3.83,6.47,6.28
4.12,6.67,6.28
4.02,7.46,6.47
3.92,7.85,7.06
3.83,8.34,7.36
4.02,9.12,7.46
3.83,9.32,7.55
3.83,9.81,7.75
3.83,10.4,7.75
4.12,10.99,7.75
4.22,11.38,7.85
4.61,11.67,7.85
4.81,11.87,7.46
5.3,11.87,7.46
5.3,11.87,8.14
6.28,11.67,7.26
5.98,9.52,4.41
6.08,13.54,6.47
6.47,14.13,7.26
7.65,11.09,7.85
7.95,11.18,5.59
8.44,11.09,5.69
9.03,11.28,5.49
9.81,10.79,5.59
9.42,10.01,5.98
9.22,10.1,6.18
9.32,10.2,7.06
9.22,10.1,7.26
9.12,10.3,7.36
9.03,10.59,7.46
9.03,10.69,7.36
9.03,10.99,7.46
9.12,10.99,7.46
9.32,11.09,7.26
9.32,11.28,7.16
9.32,11.09,6.77
9.22,10.89,6.77
9.12,10.5,6.67
9.03,10.01,6.77
8.63,8.44,6.97
7.95,7.65,7.06
7.65,6.87,7.26
7.36,5.89,7.55
7.16,5.69,7.65
7.06,5.2,8.14
7.06,5.1,8.24
6.97,5.2,8.63
7.06,5.4,8.93
7.06,5.69,9.03
6.97,6.57,9.42
6.97,6.97,9.91
6.38,7.36,10.2
6.28,7.36,10.4
5.79,6.77,10.4
5.49,6.18,10.3
5.2,5.79,10.2
4.61,4.91,9.91
4.41,4.71,9.81
4.41,4.12,9.81
4.02,3.92,9.71
3.92,3.63,9.71
3.73,3.34,9.61
3.53,3.24,9.52
3.34,2.75,9.42
3.24,2.45,9.52
3.04,2.06,9.52
2.94,1.96,9.52
2.84,1.96,9.42
2.75,1.96,9.32
2.75,1.86,9.22
2.55,1.86,9.12
2.55,1.77,8.93
2.45,1.67,8.83
2.26,1.37,8.73
2.26,1.08,8.44
2.16,0.69,8.34
2.06,0.1,8.34
1.86,-0.69,8.53
1.57,-1.77,8.63
1.47,-2.35,8.44
1.28,-2.84,8.53
1.18,-2.94,8.63
1.18,-2.94,8.44
0.98,-2.84,8.44
1.08,-2.65,8.24
0.98,-2.65,8.24
1.18,-2.84,8.44
1.37,-3.14,9.12
1.57,-3.24,9.52
1.86,-3.34,9.71
2.16,-3.63,10.2
2.45,-3.73,10.2
2.65,-3.53,10.5
2.84,-3.14,10.59
2.94,-2.94,10.5
3.14,-2.45,10.59
3.24,-2.06,10.59
3.24,-0.88,10.4
3.04,-0.2,10.4
2.94,0.39,10.79
2.94,0.78,11.18
2.75,1.47,11.67
2.75,1.67,11.77
2.84,2.45,12.46
3.14,2.65,12.65
3.04,3.43,13.34
3.63,3.92,13.44
3.73,4.22,13.73
3.83,4.41,13.83
4.22,4.61,13.93
4.51,5.2,14.03
4.81,5.59,14.03
4.81,5.79,13.34
4.81,5.98,12.85
4.91,6.08,12.65
4.91,6.18,11.77
4.81,6.08,11.18
4.71,5.89,10.5
4.61,5.59,9.52
4.32,5.59,8.73
4.32,5.79,8.53
4.12,5.79,8.24
4.32,5.89,7.85
4.22,5.98,7.85
4.32,5.98,7.65
4.41,5.98,7.16
4.51,6.08,6.87
4.61,6.08,6.67
4.61,6.08,6.67
4.51,6.38,6.47
4.22,6.77,6.38
4.22,6.87,6.38
4.41,7.16,6.08
4.71,7.95,6.08
4.71,8.24,5.49
4.71,8.53,5.1
4.81,8.83,4.61
4.81,8.83,4.41
4.71,8.83,4.32
4.81,8.73,4.12
4.91,8.73,3.83
4.91,8.63,3.73
4.81,8.73,3.53
5,9.61,3.53
5.79,10.69,3.43
6.87,10.99,3.53
7.16,11.38,3.34
7.46,11.58,3.34
7.95,11.58,3.34
8.04,11.87,3.34
9.42,11.48,3.34
8.83,12.16,3.83
8.04,11.48,4.71
9.71,11.87,4.32
9.81,12.46,4.51
9.81,12.16,6.18
9.91,12.36,6.28
10.01,12.36,7.06
10.3,12.36,7.26
10.59,12.36,7.85
10.5,11.97,8.14
11.09,12.46,8.53
10.99,12.16,8.34
10.89,12.07,8.04
10.79,12.07,7.95
10.69,11.97,7.95
10.5,11.28,7.75
10.3,11.18,8.04
10.01,10.1,7.85
9.71,9.61,8.14
9.61,7.75,8.63
9.22,7.36,8.73
9.12,6.67,9.22
9.03,6.38,9.32
8.93,5.98,9.61
9.03,5.69,9.81
9.22,5.59,10.4
9.42,5.69,10.59
9.52,5.79,10.79
9.42,5.98,10.99
9.22,6.08,10.99
8.93,5.98,11.18
8.44,5.98,11.18
7.95,5.98,11.28
7.06,5.89,11.28
6.87,5.69,11.18
6.18,5.3,11.18
5.59,4.22,10.5
5.1,4.12,10.4
4.91,3.43,10.01
4.71,3.04,10.01
4.61,2.75,9.61
4.51,2.35,9.42
4.41,1.96,9.32
4.22,1.67,9.03
3.92,0.98,8.63
3.83,0.59,8.34
3.53,0.39,8.24
3.14,0.1,7.95
2.94,-0.2,7.75
2.75,-0.39,7.55
2.26,-0.88,7.46
1.67,-1.77,6.87
1.47,-2.16,6.47
1.28,-2.55,6.08
0.98,-2.65,6.08
0.98,-2.65,6.18
0.78,-2.65,6.18
0.49,-2.75,5.98
0.59,-2.65,6.18
0.49,-2.55,6.28
0.49,-2.16,6.77
0.69,-2.06,7.16
0.78,-1.96,7.36
0.88,-1.67,8.04
0.98,-1.47,8.14
1.18,-1.37,8.34
1.18,-1.28,8.34
1.47,-1.28,8.24
1.47,-1.18,8.34
1.67,-1.28,8.44
1.77,-1.18,8.44
1.77,-1.37,8.83
1.86,-1.37,8.83
1.96,-1.47,9.03
2.26,-1.67,9.52
2.84,-1.47,10.2
3.04,-1.37,10.5
3.43,-1.47,11.28
3.83,-1.47,11.38
3.92,-1.57,11.77
4.41,-1.37,11.87
4.61,-0.88,12.07
5,-0.29,12.16
5.2,0.88,12.36
5.2,1.86,11.97
4.91,2.26,11.87
4.91,3.24,11.58
5,3.63,11.58
4.61,4.22,11.58
4.61,4.71,11.58
4.71,5.1,11.67
4.91,5.2,11.67
5.1,5.4,11.97
5.49,5.1,11.87
6.47,5.89,11.38
6.57,6.08,10.89
6.67,6.18,10.79
6.57,6.47,10.1
6.47,6.57,9.52
6.38,6.57,9.42
6.18,6.67,8.63
5.89,6.47,8.44
5.79,6.47,8.04
5.79,6.28,7.55
5.89,6.28,7.46
5.89,5.98,6.97
5.79,5.79,6.87
5.69,5.79,6.47
5.69,5.3,6.08
5.69,5.2,5.89
5.49,5.1,5.79
5.4,5,5.49
5.3,5,5.2
5.2,5,5.1
5.4,5.4,4.81
5.69,5.4,4.81
5.89,5.69,4.51
6.38,5.98,4.12
6.57,6.08,4.02
7.06,6.38,4.02
7.16,6.67,4.02
7.36,7.06,4.12
7.36,7.55,4.02
7.46,7.75,3.63
7.36,8.04,4.12
7.55,8.14,3.92
7.55,8.24,3.73
7.85,8.44,3.53
8.73,9.03,3.34
9.32,9.22,3.04
9.52,9.32,2.75
9.52,9.03,2.55
9.81,9.61,2.75
10.4,8.93,2.06
9.52,9.52,1.77
8.83,8.83,2.75
10.99,7.55,2.35
10.69,9.03,0.49
10.59,9.91,3.04
12.65,10.1,2.94
13.05,9.91,3.24
13.64,9.91,3.34
14.03,10.01,3.53
14.32,9.71,3.53
14.42,9.32,3.34
14.42,9.32,3.34
14.42,9.22,2.94
13.73,9.22,2.84
13.54,9.32,2.84
13.24,9.12,2.94
12.85,9.03,3.04
12.46,8.34,3.34
11.97,7.85,3.53
11.67,6.97,4.51
11.48,6.18,5.69
11.18,5.98,5.98
11.09,5.59,6.38
11.09,5.49,6.77
10.99,5.2,7.26
10.69,5,8.04
10.3,4.81,8.14
10.1,4.81,8.93
9.71,4.81,9.03
9.12,4.81,9.12
8.83,5,9.22
8.63,5.3,9.61
8.34,5.49,9.52
8.24,5.59,9.42
8.04,5.59,9.52
7.95,5.59,9.52
7.85,5.4,9.71
7.75,5.2,9.71
7.55,5,9.81
7.36,4.71,9.81
6.87,4.51,10.01
6.67,3.92,10.3
6.18,3.73,10.4
5.98,3.24,10.5
5.4,3.04,10.5
5.1,2.84,10.5
5,2.55,10.5
4.71,2.45,10.4
4.61,2.45,10.3
4.41,2.35,10.3
4.32,2.26,10.1
4.22,2.26,10.1
4.12,2.26,9.91
3.92,2.26,9.71
3.43,2.26,9.71
3.34,2.16,9.71
3.14,1.86,9.71
2.84,1.67,9.61
2.65,1.37,9.22
2.55,1.18,9.03
2.16,1.08,9.03
1.77,0.59,8.44
1.28,0.2,8.34
1.18,0,8.44
0.88,-0.59,8.53
0.69,-0.69,8.63
0.39,-0.98,8.63
0.29,-0.98,8.63
0.1,-1.08,8.44
0,-1.18,8.14
0,-1.18,8.04
0,-1.18,8.04
0,-1.18,7.65
0,-1.37,7.75
0.1,-1.37,7.75
1.18,-2.16,7.65
1.28,-2.06,8.24
1.37,-2.45,7.95
1.47,-2.75,8.04
1.77,-2.45,8.34
2.16,-2.45,8.34
2.35,-1.77,8.44
2.26,-0.98,8.73
1.96,-0.2,8.53
1.77,0.29,8.93
1.47,0.78,9.32
1.47,1.18,9.12
1.28,1.86,10.01
1.18,2.06,10.01
1.47,3.24,11.28
1.47,3.53,11.38
1.37,4.02,11.87
1.57,4.51,11.97
1.77,5.49,12.36
1.86,5.89,12.65
2.26,6.08,12.85
2.35,6.77,12.56
2.65,7.06,12.26
2.84,7.06,12.16
2.84,7.06,11.58
2.84,7.06,11.38
2.84,7.16,10.99
2.84,7.26,10.89
2.94,7.16,10.3
2.84,7.26,10.01
2.55,7.16,9.22
2.16,7.06,9.03
1.67,6.87,8.53
1.67,6.97,8.34
1.67,7.16,8.14
1.77,7.26,8.14
2.06,7.75,8.04
2.26,8.14,8.04
1.67,8.44,8.14
1.57,8.93,8.53
1.18,9.32,8.44
0.69,9.52,8.34
0.2,9.91,8.44
-0.2,10.1,8.53
-0.39,10.1,8.44
-0.2,10.01,8.14
0.39,10.2,7.75
0.88,10.79,7.26
2.26,11.48,6.97
3.43,12.56,6.18
3.92,13.05,5.89
4.41,14.22,5.2
4.41,14.32,5
4.41,14.32,4.71
4.12,14.42,4.61
4.02,14.22,4.61
3.73,13.54,4.02
3.34,12.85,3.83
2.84,12.65,3.73
2.45,11.97,3.24
2.75,12.16,3.14
3.14,12.85,3.04
3.34,13.24,3.14
3.24,13.54,3.92
3.24,13.15,2.94
3.43,14.13,3.53
3.04,13.64,4.22
2.75,13.73,4.61
2.45,13.64,4.61
2.45,13.44,5.79
1.08,12.85,6.87
3.34,13.64,7.46
1.67,13.15,6.77
2.55,14.32,8.73
3.04,14.22,9.12
3.92,14.81,9.61
4.12,14.81,9.52
4.32,15.89,9.32
5,17.07,10.2
4.91,16.78,10.79
5,15.7,10.89
4.91,13.54,10.89
4.61,12.75,10.99
4.51,10.59,10.89
4.41,10.1,10.79
4.32,8.93,10.59
4.02,8.63,10.5
3.83,8.04,10.4
3.73,7.95,10.3
3.63,7.75,10.2
3.43,7.75,10.1
3.24,7.75,10.01
3.24,7.65,9.91
3.14,7.55,9.81
3.04,7.65,10.01
2.84,7.36,10.01
2.75,6.97,9.91
2.45,6.87,9.91
2.45,6.18,10.1
2.26,5.79,9.91
2.06,5.2,9.42
1.57,4.71,9.03
1.57,4.32,9.12
1.57,4.02,9.03
1.77,4.02,9.03
1.96,3.92,8.73
1.96,3.83,8.53
1.57,3.53,8.34
1.47,3.43,8.83
0.78,3.43,8.63
0.69,3.53,9.03
0.59,3.34,9.03
0.88,3.24,9.03
0.88,3.24,8.83
0.88,3.14,8.93
0.88,3.04,9.03
0.39,2.84,9.12
-0.2,2.35,9.32
-0.39,2.16,9.12
-0.59,1.96,8.73
-0.49,2.16,8.93
-0.49,1.77,9.12
-0.29,1.28,8.73
0.39,1.08,9.03
1.47,0.69,8.73
2.06,0.59,8.73
2.45,0.59,8.53
2.94,0.78,7.85
3.14,0.78,7.85
3.04,0.69,6.77
2.94,0.78,6.57
2.75,0.69,6.18
2.65,0.49,6.18
2.94,0.1,6.57
3.43,0,6.87
3.73,0.1,6.97
3.73,0.29,6.47
3.53,0.59,6.08
3.04,1.08,6.28
2.75,1.96,5.79
1.67,2.26,5.98
1.28,3.34,6.57
0.69,3.73,7.16
-0.59,4.81,8.24
-0.59,5,8.63
-1.37,5.98,9.03
-1.77,6.47,10.3
-1.77,6.97,10.89
-1.18,6.97,10.89
-0.88,7.75,10.79
-0.39,8.44,10.59
-0.49,9.03,9.71
-0.49,9.32,9.52
-0.59,9.42,9.22
-0.69,9.12,8.93
-0.49,9.03,8.83
-0.29,9.03,8.73
-0.1,9.22,8.73
0.1,9.52,8.53
0.1,9.91,8.63
-0.59,10.2,8.53
-1.08,10.1,8.34
-1.47,10.1,8.34
-1.77,9.32,8.04
-2.75,9.03,8.04
-3.14,8.83,8.34
-3.53,8.34,7.75
-3.63,8.04,7.85
-4.02,7.65,7.95
-4.41,7.26,7.95
-4.81,6.97,7.95
-5.2,6.57,7.85
-5.59,6.28,7.75
-6.08,6.18,7.75
-6.38,5.98,7.65
-6.57,6.08,8.24
-6.67,6.28,8.34
-7.06,6.28,8.34
-7.26,6.08,8.63
-7.55,6.08,8.73
-8.14,5.89,8.93
-8.24,5.89,8.83
-8.24,6.08,9.71
-8.34,5.89,8.93
-8.34,6.18,8.83
-7.85,6.47,9.22
-7.65,6.97,9.91
-7.16,7.36,9.91
-7.36,7.65,10.3
-7.95,7.65,10.5
-7.85,7.85,10.99
-7.95,7.95,11.09
-8.14,8.04,11.38
-8.14,8.04,11.48
-8.24,8.24,12.36
-8.24,8.24,12.46
-8.04,8.34,12.85
-7.75,8.63,12.56
-6.28,7.16,12.46
-6.97,8.63,11.97
-5.89,9.71,13.73
-5.49,9.81,13.64
-5.4,10.2,13.73
-4.91,10.5,13.73
-4.81,10.69,13.83
-4.41,11.28,13.54
-4.32,11.38,13.83
-4.12,10.99,13.05
-3.63,10.59,13.05
-3.34,9.91,12.26
-2.65,9.61,12.07
-2.45,8.63,11.48
-1.96,8.04,11.18
-1.37,7.65,11.18
-1.28,6.97,10.69
-0.88,6.77,10.59
-0.69,6.47,10.4
-0.49,6.47,10.3
-0.1,6.57,10.01
0,6.77,9.61
0,6.77,9.42
0,6.77,9.12
0.1,6.67,8.63
0.29,6.47,8.44
0.29,6.18,8.14
0.39,5.89,7.95
0.39,5.59,7.95
0.29,5.2,7.65
0.1,4.91,7.36
-0.1,4.61,7.36
-0.88,4.32,7.46
-1.37,4.02,7.55
-1.67,3.92,7.85
-1.86,3.63,8.04
-1.77,3.53,7.75
-1.67,3.34,7.55
-1.08,3.53,7.46
-0.69,3.63,7.06
0,3.73,6.87
0.29,3.73,6.77
0.2,3.43,6.97
0.59,3.83,6.38
0.69,3.34,6.28
0.88,3.14,6.47
0.98,3.14,6.08
0.98,3.04,6.28
1.28,3.24,6.57
1.57,3.34,6.67
2.06,3.34,6.87
2.06,3.73,6.97
2.16,3.83,7.06
2.35,3.92,7.16
2.55,4.12,7.16
2.65,4.22,7.85
2.55,4.22,8.24
2.55,4.12,8.44
2.45,4.12,8.63
2.45,4.02,8.73
2.35,3.73,8.83
2.26,3.73,8.73
2.26,3.63,8.44
2.16,3.73,8.44
2.06,3.83,8.14
2.06,3.63,8.04
2.16,3.04,8.63
2.26,2.75,9.03
2.26,2.35,9.52
2.16,2.16,9.61
1.37,2.16,9.71
0.88,2.45,9.81
0,3.43,9.91
-0.2,4.02,9.71
0,4.71,9.61
0.2,5.2,9.71
0.39,5.2,9.32
0.59,5,9.61
0.69,4.71,9.61
0.49,4.41,10.2
0.39,4.12,10.59
-0.1,4.02,10.89
-0.49,4.02,11.28
-0.69,4.12,11.48
-0.78,4.51,11.87
-0.98,5,11.87
-1.28,5.59,11.97
-1.18,6.08,11.97
-1.08,6.38,11.87
-0.98,7.06,11.48
-0.49,7.36,11.28
-0.29,7.36,10.4
-0.78,7.06,10.1
-1.18,6.47,9.71
-1.28,6.08,9.71
-1.47,5.69,9.22
-1.57,5.49,8.83
-1.28,5.59,9.03
-1.08,5.4,8.73
-1.28,5.1,8.34
-0.88,5.3,8.34
-0.49,5.59,7.85
0,6.08,7.75
-0.29,6.28,7.95
-0.49,6.57,7.85
-0.39,7.16,8.44
-0.29,7.55,8.73
0,8.63,8.73
0.2,9.61,9.03
0.59,9.91,9.22
1.28,10.69,8.73
1.57,10.89,8.83
1.77,10.99,9.03
2.35,11.18,8.44
2.75,11.18,8.34
2.94,11.18,8.34
3.14,11.28,8.24
3.34,11.58,7.65
3.53,11.48,7.65
3.63,11.77,7.55
4.41,11.87,7.36
4.51,11.87,6.97
5,11.97,6.87
5.2,12.26,6.57
5.49,12.46,6.47
5.4,12.85,6.18
5.49,12.95,6.28
5.4,12.95,6.28
5.49,12.75,7.06
5.49,12.75,7.26
5.49,12.75,7.26
5.59,12.85,7.55
5.98,12.85,8.04
5,13.64,8.53
6.67,12.65,8.73
5.69,13.64,8.04
5.3,14.03,8.63
5.2,14.71,9.03
5,14.91,8.73
5,14.22,8.63
5,13.15,8.83
5.1,12.36,8.93
5.2,11.38,9.12
5.3,10.4,9.32
5.3,9.22,9.61
5.4,8.73,9.71
5.4,7.75,9.81
5.2,7.26,9.91
5,7.36,10.01
4.81,7.16,10.2
4.71,7.06,10.3
4.32,7.26,10.59
4.12,7.46,10.69
3.92,7.55,10.59
4.02,7.75,10.59
3.83,7.16,10.99
3.73,6.97,11.09
3.43,6.67,11.18
3.14,5.98,11.58
2.94,5.69,11.67
2.84,5.2,11.67
2.55,5,11.67
2.45,4.71,11.97
2.16,4.32,11.58
1.96,4.22,11.58
1.86,4.12,11.48
1.96,4.02,11.18
1.86,4.02,11.09
1.86,3.92,10.59
1.86,3.83,10.5
1.86,3.63,10.2
1.86,3.53,10.1
1.86,3.43,10.01
1.86,3.24,9.91
1.67,2.84,9.71
1.37,2.75,9.61
1.28,2.45,9.61
1.08,2.26,9.52
0.78,1.86,9.12
0.49,1.47,8.63
0.39,1.28,8.24
0.2,0.88,7.85
0.1,0.49,7.55
0.1,-0.39,7.06
0.1,-0.78,6.67
0.2,-1.47,6.47
0.39,-1.77,6.67
0.39,-2.06,6.77
0.2,-1.96,6.77
0.1,-1.77,6.87
0.1,-1.57,6.87
0.1,-1.28,7.16
0.88,-1.28,7.95
1.47,-1.08,8.63
1.96,-0.88,9.42
2.65,-0.69,9.91
2.94,-0.29,10.3
3.04,0.1,10.4
2.55,0.29,10.4
2.16,0.78,10.3
1.08,1.96,10.3
0.78,2.84,10.3
0.2,3.63,10.5
0.2,4.02,10.69
0.49,4.91,11.09
0.69,5.49,11.77
1.47,5.59,11.67
1.57,5.69,11.77
2.16,5.69,11.87
2.26,5.79,11.67
2.55,5.69,11.67
2.84,5.79,11.18
2.65,5.79,11.18
2.55,5.79,11.09
2.16,5.79,10.79
1.86,5.69,10.59
1.77,5.79,10.5
1.77,5.79,10.2
1.67,5.69,10.1
1.77,5.79,9.81
1.86,5.79,9.52
2.06,5.98,9.32
2.26,6.28,8.93
2.26,6.38,8.93
2.06,6.57,8.93
1.86,6.47,8.73
1.77,6.57,8.73
1.77,6.77,8.73
2.06,7.36,8.83
2.26,8.24,9.03
2.55,8.93,9.12
3.14,9.52,9.12
3.63,10.4,9.22
3.83,10.89,9.12
3.92,11.09,8.93
4.12,11.18,8.73
4.22,11.18,8.34
3.53,9.91,6.87
3.53,9.22,5.98
3.04,8.93,5.69
2.94,8.53,4.91
2.55,8.53,4.71
2.55,8.63,4.61
2.65,8.63,4.41
2.75,9.03,4.22
2.55,9.42,4.02
2.26,10.1,4.02
1.96,10.3,4.12
1.96,10.79,3.92
1.86,11.38,3.92
2.55,12.07,3.73
0.2,12.75,4.02
2.35,11.28,4.12
4.71,11.87,2.45
1.96,11.58,0.69
2.35,12.46,3.73
3.04,13.73,4.32
4.12,14.42,3.92
5.1,13.93,3.53
5.3,14.13,4.22
5.89,14.42,4.61
6.08,15.89,5.79
6.97,16.19,5.98
7.16,16.38,6.67
6.87,16.38,6.67
6.97,16.19,6.47
6.47,16.38,6.57
6.18,16.09,7.06
6.18,15.5,6.77
5.98,16.38,6.57
5.79,16.28,6.77
5.79,15.5,7.26
5.69,14.71,7.26
5.69,13.15,7.65
5.59,12.46,7.75
5.59,10.99,7.85
5.3,10.4,7.95
5.3,9.71,8.24
5.3,9.32,8.34
5.4,9.22,8.44
5.59,9.22,8.53
6.08,9.52,9.12
6.28,9.71,9.32
6.38,9.81,9.42
6.28,9.81,9.42
6.08,9.91,9.52
5.89,9.61,9.81
5.69,9.52,10.1
5.1,9.12,10.1
4.71,8.53,10.5
4.32,8.44,10.5
3.14,7.06,10.4
2.84,6.47,10.79
2.65,6.38,10.59
2.55,5.98,10.1
2.26,5.79,10.01
2.06,5.1,10.01
1.77,5,9.91
1.47,4.32,9.71
1.37,4.02,9.32
1.37,3.73,9.22
1.18,3.04,8.73
1.08,2.55,8.44
0.88,2.16,8.34
0.78,1.67,7.95
0.69,1.18,7.36
0.69,0.78,7.16
0.59,0.59,6.87
0.39,0.39,6.87
0.29,0.2,6.77
0.1,0.1,6.57
0,0,6.97
-0.1,0.1,7.06
-0.29,-0.49,6.57
-0.29,-0.69,6.57
-0.29,-0.88,6.47
-0.2,-1.08,6.57
-0.1,-1.18,6.57
-0.1,-1.18,6.77
0.1,-1.18,7.06
0.49,-0.98,7.55
0.78,-0.49,7.75
0.88,-0.39,8.04
0.98,-0.2,8.14
0.98,-0.2,8.14
0.98,-0.2,8.04
1.37,-0.39,8.04
1.57,-0.39,8.53
2.06,-0.2,9.12
2.16,-0.1,9.81
2.65,0.1,10.59
2.84,0.88,11.09
2.75,1.18,11.18
2.35,2.16,11.38
1.96,2.84,11.38
1.37,4.02,11.38
0.98,5,11.38
0.59,5.1,11.67
0.59,5.49,12.46
0.59,5.59,12.65
0.78,5.49,12.95
0.88,5.69,13.15
1.37,5.59,13.15
1.57,5.69,13.05
1.77,5.69,13.05
2.06,5.69,12.85
2.26,5.69,12.56
2.45,5.79,11.97
2.75,6.08,11.77
2.84,6.28,11.09
2.84,6.38,10.99
2.84,6.67,10.59
2.26,6.87,9.91
1.67,6.87,9.91
1.67,6.67,9.71
1.18,6.47,9.52
0.98,6.18,9.22
1.08,6.18,9.03
1.28,6.08,8.83
1.37,6.18,8.63
1.67,6.28,8.63
2.06,6.38,8.44
1.96,6.87,8.14
2.06,7.16,8.04
2.16,7.36,7.85
2.45,7.75,7.65
2.55,7.75,7.36
2.65,8.04,7.06
2.35,8.14,7.06
2.26,8.34,6.97
2.26,9.42,6.77
2.26,9.91,6.67
2.35,10.4,6.47
2.45,11.18,6.47
2.45,11.48,6.47
2.55,11.97,6.28
2.75,12.26,6.18
2.84,12.46,6.08
2.94,12.75,5.89
2.94,12.95,5.89
3.14,13.24,5.89
3.24,14.03,5.89
3.92,13.54,5.89
2.75,15.7,6.87
2.94,13.34,6.77
5.2,13.73,3.53
3.34,14.71,6.08
5,15.3,6.77
5.49,14.81,5.3
5.98,14.42,5.79
7.06,14.62,6.28
7.26,15.01,7.06
7.36,14.81,7.26
7.36,15.01,7.85
7.55,15.11,7.75
7.65,15.6,8.24
7.36,15.4,7.85
7.26,15.11,7.75
7.36,14.81,7.46
7.26,14.42,7.26
7.16,14.13,7.16
6.87,13.15,7.16
6.77,12.36,7.16
6.67,11.77,7.36
6.57,10.69,8.04
6.18,10.1,8.24
6.08,9.12,9.03
5.98,8.73,9.12
5.89,7.75,9.91
5.89,7.16,10.5
5.59,7.06,10.59
5.49,6.77,10.79
5.49,7.06,11.38
5.4,7.06,11.28
5,7.16,11.28
5,7.16,11.38
4.81,7.16,11.58
4.61,7.46,11.67
4.12,7.46,11.67
4.02,7.65,11.38
3.53,7.46,12.07
3.43,6.97,12.26
3.24,6.97,11.97
3.04,6.57,11.48
3.14,6.38,11.48
3.14,5.89,11.09
2.94,5.49,10.89
2.94,5,10.5
2.75,4.81,10.5
2.55,4.12,10.5
2.65,3.63,10.4
2.65,3.73,10.2
2.65,3.43,10.2
2.35,3.24,10.1
2.26,3.24,10.2
2.26,2.94,9.81
2.06,2.84,9.22
1.86,2.35,8.53
1.86,2.06,8.24
1.67,1.57,8.04
1.57,0.98,7.55
1.37,0.29,7.06
1.08,-0.1,6.77
1.08,-0.29,6.57
0.78,-0.98,6.57
0.49,-1.37,6.67
0.59,-1.57,6.87
0.59,-1.86,6.87
0.49,-2.06,6.57
0.59,-2.16,6.77
0.49,-2.06,6.47
0.39,-2.16,6.28
0.39,-2.16,6.18
0.49,-2.16,6.18
0.59,-2.16,6.38
0.88,-2.06,6.38
0.78,-1.96,6.38
1.57,-2.26,6.77
1.86,-2.26,8.04
2.26,-2.06,8.63
2.84,-2.06,8.83
3.04,-1.77,9.52
2.94,-1.28,10.2
3.53,-0.98,10.3
3.53,-0.59,10.4
3.43,0.2,10.3
3.14,1.67,10.4
2.75,2.16,10.4
2.16,3.24,10.5
2.06,3.63,11.09
1.96,4.51,11.97
1.47,4.81,12.46
1.67,5.2,13.05
1.67,5.89,13.24
1.37,6.18,13.73
1.28,6.08,13.93
1.37,6.38,14.22
1.28,6.57,13.83
1.37,6.38,13.34
1.47,6.87,13.05
1.47,6.97,12.65
1.47,6.97,11.97
1.57,6.97,11.77
1.77,6.87,11.28
1.86,6.87,11.09
1.86,6.77,10.5
2.16,6.87,10.4
2.26,6.77,10.1
2.65,7.06,9.91
2.94,7.46,9.42
3.24,7.55,9.32
3.53,7.65,8.53
3.73,7.55,8.34
3.92,7.36,8.04
4.02,7.36,7.46
4.32,7.16,7.26
4.61,7.06,6.57
4.81,6.87,6.08
5.1,6.87,5.98
5.2,6.97,5.69
5.3,6.97,5.49
5.4,7.36,5.2
4.71,7.95,5
4.61,8.44,5.49
4.02,9.52,5.79
3.83,10.01,6.18
3.73,10.1,6.18
3.63,10.59,6.08
3.43,10.79,5.69
3.43,10.69,5.4
3.34,10.79,5
3.04,10.79,4.91
2.94,10.79,4.41
3.04,10.79,4.32
3.04,11.09,4.32
3.14,11.18,4.22
3.34,11.77,3.83
3.73,11.38,4.22
2.94,11.18,5.2
7.06,11.87,6.47
5.89,13.64,0.59
6.18,15.11,3.73
6.87,13.64,4.12
5.89,12.65,2.94
6.57,13.24,3.04
6.67,13.15,2.65
6.87,13.54,2.84
7.06,13.83,4.12
8.24,13.54,4.41
9.12,13.24,4.71
9.52,13.05,5
10.59,12.95,5.2
11.38,12.36,5.98
11.97,12.16,5.98
12.36,12.65,6.08
12.65,12.75,6.18
12.75,13.24,6.18
12.07,13.34,6.57
11.58,12.36,7.46
10.99,11.77,7.55
10.69,10.59,7.85
10.01,9.91,8.04
9.32,8.24,8.73
8.83,7.65,8.93
8.53,7.16,9.03
8.04,6.87,9.12
7.95,6.67,9.12
7.75,6.57,9.22
7.75,6.57,9.22
7.75,6.77,9.42
7.55,6.77,9.52
6.77,6.67,9.52
6.57,6.67,9.52
5.98,6.38,9.61
5.1,6.18,10.1
4.91,5.98,9.81
4.41,5.69,9.91
4.41,5.49,9.81
4.22,5.4,9.81
4.12,5.1,9.61
4.02,4.91,9.61
3.73,4.61,9.61
3.83,4.51,9.61
3.92,4.61,9.61
3.92,4.41,9.12
3.53,4.32,9.03
3.43,4.22,8.93
2.94,4.12,9.03
2.35,3.73,9.12
1.57,3.24,9.03
1.47,2.84,8.93
1.28,2.55,8.73
1.67,2.26,8.63
1.96,2.35,8.04
1.57,1.86,7.26
1.28,1.28,6.87
1.08,0.39,6.28
0.59,-0.29,5.98
0.49,-0.69,6.18
0.29,-1.18,6.28
0.39,-1.28,6.18
0.39,-1.37,6.28
0.49,-1.37,6.28
0.69,-1.47,6.57
0.88,-1.37,6.57
0.98,-1.28,6.57
1.18,-0.98,6.57
1.47,-0.78,6.67
1.57,-0.69,6.97
2.45,-0.39,7.65
2.75,-0.29,8.24
2.94,-0.29,8.44
3.14,-0.1,8.73
3.34,0.2,9.03
3.34,0.59,9.42
3.34,1.08,9.42
2.75,2.75,9.91
2.55,3.43,10.2
2.16,4.61,10.2
1.57,4.81,10.5
1.37,5.98,11.28
1.18,6.28,11.28
1.37,6.38,11.38
1.37,6.38,11.38
1.47,6.38,11.18
2.65,6.08,11.48
2.65,6.08,11.28
2.94,6.18,11.18
3.63,6.18,10.89
3.63,6.57,11.38
3.34,6.57,11.28
3.34,6.77,10.89
2.94,6.97,10.69
3.04,7.06,10.69
2.94,7.06,10.5
2.84,6.97,9.91
2.94,6.87,9.81
2.84,6.77,9.52
2.55,6.67,9.42
2.84,6.87,8.93
2.55,6.87,8.73
2.55,6.77,8.44
2.55,6.77,8.34
2.26,6.87,8.04
2.16,6.77,7.85
2.16,6.87,7.75
2.45,7.06,7.65
2.75,7.16,7.36
3.43,7.55,7.16
3.53,7.85,6.87
3.43,7.85,6.87
3.43,8.14,6.87
3.04,8.73,6.87
2.84,8.83,6.67
2.65,9.32,6.77
2.65,9.71,6.67
2.65,9.81,6.57
2.75,10.1,6.28
2.94,10.3,6.18
3.04,10.59,5.69
3.53,10.99,5.59
3.53,11.48,5
3.92,11.97,4.91
3.83,12.26,4.61
3.92,12.56,4.41
4.02,12.65,4.22
3.92,12.65,4.22
3.92,12.85,4.02
4.12,13.15,3.92
4.41,13.34,4.02
4.81,13.64,4.32
4.22,14.62,2.84
6.38,16.58,2.94
6.77,16.09,4.12
6.28,15.11,3.83
6.18,15.11,4.81
6.67,15.6,4.41
7.26,15.3,6.08
7.26,14.81,5.89
7.16,14.91,5.98
7.36,15.3,6.67
8.04,15.99,7.06
8.14,16.28,7.36
8.44,16.38,7.26
8.73,16.78,7.16
8.93,16.78,7.06
8.93,16.38,6.87
8.53,15.89,6.87
8.53,14.81,6.77
8.14,14.03,6.87
8.04,12.07,7.16
7.55,10.89,7.16
7.16,9.32,7.65
6.87,8.63,7.75
6.47,7.65,8.24
6.38,7.46,8.44
6.28,7.46,8.63
6.28,7.46,8.53
5.98,7.65,8.93
5.98,7.65,9.42
5.69,7.95,9.61
5.4,7.65,9.71
5.2,7.65,9.61
5,7.65,9.42
4.71,7.26,10.1
4.41,7.06,10.01
4.32,6.77,9.91
4.02,6.47,10.1
4.02,5.98,9.81
3.63,5.4,9.81
3.53,5.3,9.91
3.43,5,9.61
3.34,4.81,9.52
2.94,4.12,9.42
2.75,4.02,9.22
2.75,3.73,9.03
2.35,3.43,8.73
2.26,3.24,8.53
2.16,2.65,8.04
1.96,2.35,7.95
1.77,1.67,7.65
1.77,1.08,7.26
1.77,0.59,7.06
1.67,0.2,6.87
1.67,-0.2,6.77
1.47,-0.49,6.38
1.37,-0.78,6.38
1.18,-1.18,6.47
1.28,-1.47,6.77
1.28,-1.37,7.16
1.47,-1.37,7.26
1.47,-1.28,7.26
1.57,-0.88,7.46
1.77,-0.78,7.46
1.86,-0.49,7.36
2.06,-0.29,7.36
2.26,-0.29,7.46
2.35,-0.39,7.55
2.35,-0.49,7.55
2.45,-0.59,7.75
2.94,-0.98,8.44
3.04,-0.98,8.83
3.24,-0.88,9.12
3.34,-0.78,9.52
3.73,-0.59,9.91
4.02,-0.2,10.5
4.22,0.1,10.79
4.12,0.39,10.89
4.22,0.98,11.18
3.83,1.18,11.18
3.73,1.96,10.99
3.04,2.84,10.89
2.65,3.14,10.89
2.35,4.02,10.69
1.96,4.22,10.59
1.77,5.3,10.69
1.77,6.08,11.28
1.96,6.47,11.38
2.16,7.06,11.67
2.45,7.65,11.97
2.94,7.75,11.97
3.34,7.75,12.07
3.43,7.65,12.07
3.34,7.46,11.97
3.24,7.36,11.97
3.04,7.26,11.97
2.94,7.26,11.77
2.84,7.36,11.48
2.65,7.46,11.38
2.65,7.85,10.5
2.75,7.95,10.4
2.84,8.44,9.61
3.14,8.44,9.52
3.24,8.34,8.83
3.14,8.04,8.24
2.75,7.85,7.85
2.45,7.36,7.36
2.26,7.26,7.16
2.16,6.97,6.67
2.26,6.97,6.28
2.55,7.06,5.98
3.04,7.65,5.69
3.14,7.95,5.59
3.24,8.24,5.3
3.43,8.93,5.1
3.43,9.22,5
3.34,9.71,4.81
2.94,10.01,4.61
2.84,9.81,4.61
2.75,9.91,4.22
2.84,10.2,4.12
2.75,10.59,4.12
2.65,10.89,4.22
2.55,11.48,4.12
2.35,11.87,3.92
2.26,12.26,4.02
2.06,12.56,4.12
1.96,12.75,4.02
1.96,12.75,3.83
1.86,12.75,3.83
2.06,12.95,3.83
2.26,12.65,3.63
1.96,12.85,3.63
2.84,12.26,3.83
3.14,11.48,2.65
3.73,13.24,1.67
2.16,12.07,1.37
3.24,12.65,3.24
5.89,13.24,3.63
5.89,12.75,2.94
6.08,13.05,3.14
6.18,13.83,4.51
6.97,13.24,5
7.26,13.34,5.2
8.14,14.03,6.38
8.34,13.83,7.16
8.73,13.83,7.16
9.03,14.32,6.97
9.03,14.52,7.16
9.12,14.81,6.97
8.93,14.91,6.97
8.83,14.32,6.87
8.44,12.85,6.67
7.65,11.67,6.77
7.46,10.69,6.77
6.97,10.2,6.87
6.67,8.83,6.97
5.98,8.14,6.97
5.69,7.65,6.97
5.3,7.36,7.06
4.81,6.97,7.16
4.71,6.97,7.46
4.71,7.06,7.75
4.61,7.16,7.95
4.51,7.06,7.75
4.22,7.26,8.14
3.73,7.26,8.93
3.43,7.16,8.93
3.34,6.87,8.93
2.94,6.57,9.03
2.84,5.89,9.12
2.65,5.49,9.03
2.45,5.3,8.83
2.45,5.1,8.93
2.26,4.71,8.93
2.16,4.51,8.93
2.06,4.12,8.73
2.06,3.83,8.63
2.06,3.53,8.53
2.06,3.34,8.53
1.96,3.14,8.44
1.86,2.84,8.14
1.86,2.35,8.14
1.67,1.96,7.75
1.57,1.57,7.55
1.47,1.08,7.36
1.57,0.69,7.36
1.57,0.39,7.26
1.67,0.2,7.26
1.67,-0.29,7.06
1.57,-0.59,6.97
1.67,-0.88,7.06
1.77,-1.18,7.36
1.86,-1.28,7.65
1.96,-1.18,8.14
1.96,-1.08,8.34
1.77,-0.98,8.53
1.77,-0.88,8.83
1.67,-0.88,9.03
1.57,-0.88,9.12
1.57,-0.88,9.12
1.47,-0.88,9.03
1.47,-0.98,9.03
1.47,-1.08,9.12
1.57,-1.37,9.32
2.06,-1.57,9.42
2.26,-1.96,10.1
2.75,-1.96,10.3
3.04,-2.06,10.69
3.53,-2.16,10.79
3.92,-1.77,11.58
4.22,-1.57,11.67
4.22,-1.18,11.87
4.32,-0.78,12.07
4.32,0,12.46
4.32,1.08,12.46
4.12,1.57,12.46
3.92,3.14,12.46
3.43,3.73,12.36
2.65,5.4,11.87
2.45,6.18,11.77
2.35,6.57,11.87
2.16,7.36,11.77
2.16,7.55,11.67
2.26,7.65,11.97
2.65,7.46,11.87
2.84,7.26,11.87
3.24,6.77,11.58
3.34,6.28,11.38
3.43,5.98,11.28
3.53,5.69,10.99
3.43,5.49,10.59
3.34,5.59,10.3
3.34,5.98,9.91
3.24,6.28,9.71
3.24,6.57,9.52
3.24,7.06,9.03
3.14,7.36,8.63
3.04,7.46,8.24
2.94,7.36,7.95
2.94,7.26,7.55
3.04,7.06,7.06
3.04,6.97,6.97
3.04,6.67,6.57
2.94,6.57,6.47
2.84,6.28,5.89
2.45,6.28,5.89
2.26,6.28,5.98
2.26,6.57,5.89
1.96,6.77,5.59
2.06,7.46,5.49
2.16,7.85,5.3
2.45,7.95,5.3
2.45,8.14,5
2.65,8.44,4.71
2.65,8.44,4.71
2.65,8.34,4.61
2.84,8.44,4.51
2.94,8.53,4.41
3.24,8.63,4.12
3.43,9.12,4.02
3.63,9.42,3.92
3.83,9.81,3.83
3.92,10.1,3.73
3.92,10.5,3.63
3.83,10.79,3.63
3.63,11.38,3.83
3.63,11.77,4.02
3.63,11.97,4.12
3.73,12.07,4.22
3.83,12.36,4.51
4.02,12.75,4.71
4.32,12.85,4.71
4.81,13.05,5.1
5.3,13.05,3.63
5.2,15.89,6.38
5.89,15.21,6.67
6.08,15.7,6.08
6.18,15.6,7.55
6.77,15.11,7.65
6.67,14.91,7.65
6.57,14.71,8.53
6.38,14.71,8.53
6.47,14.52,8.34
6.28,14.52,8.24
6.28,14.52,8.04
5.98,14.52,8.04
5.89,14.42,7.75
5.79,14.22,7.65
5.79,13.83,7.36
5.49,13.24,7.16
5.3,12.56,7.16
5.2,11.87,7.16
5.1,11.09,7.06
4.91,10.4,7.06
4.91,8.93,7.36
4.91,8.34,7.36
5,7.16,7.95
4.81,6.87,8.14
4.81,6.57,8.44
4.71,6.47,8.83
4.51,6.47,8.83
4.41,6.77,9.03
4.12,6.87,9.03
3.92,7.16,9.22
3.83,7.26,9.12
3.83,7.26,9.32
3.63,7.26,9.12
3.63,7.06,9.22
3.53,6.87,9.32
3.63,6.67,9.22
3.43,6.08,9.12
3.34,5.49,9.12
3.34,5.1,9.32
3.14,4.81,9.12
3.14,4.51,9.12
3.14,4.02,9.03
3.04,3.63,8.93
2.94,3.34,8.73
2.94,3.14,8.53
2.94,2.75,8.24
2.84,2.26,8.04
2.75,1.86,7.85
2.45,1.47,7.65
2.35,1.28,7.46
2.16,0.88,7.26
2.16,0.49,7.16
1.77,0,6.87
1.57,-0.29,6.77
1.57,-0.59,6.57
1.37,-0.78,6.77
1.37,-0.88,6.87
1.37,-0.98,7.06
1.37,-1.18,7.16
1.47,-0.98,7.65
1.37,-0.98,7.75
1.18,-0.98,7.75
0.98,-0.98,7.95
1.08,-0.98,8.34
1.08,-0.98,8.44
1.28,-0.98,8.53
1.37,-0.88,8.73
1.37,-0.98,8.93
1.47,-0.88,9.22
1.47,-0.78,9.42
2.55,-0.88,10.4
2.75,-0.78,11.58
4.02,-0.1,11.67
4.22,0.39,12.26
4.32,0.88,12.26
4.41,1.67,12.36
4.32,2.16,12.36
4.41,2.94,12.26
4.22,3.63,12.16
3.92,4.12,12.07
3.53,5,11.87
3.73,5.59,11.97
3.34,6.67,11.67
2.94,7.16,11.58
2.94,7.26,11.58
2.94,7.36,11.58
3.14,7.46,11.58
3.43,7.06,11.38
3.53,6.87,11.38
3.63,6.77,11.28
3.73,6.47,10.99
3.73,6.47,10.79
3.73,6.28,10.5
3.53,6.28,10.1
2.84,6.47,10.01
2.75,6.87,9.32
2.35,7.26,9.03
2.16,7.46,8.63
2.06,7.55,8.44
1.96,7.65,8.14
1.86,7.85,7.95
1.86,7.65,7.46
1.96,7.46,7.06
2.06,7.36,6.77
2.16,7.16,6.47
2.06,6.97,6.18
2.16,6.77,5.89
2.35,6.28,5.3
2.16,5.98,4.71
2.16,5.98,4.61
2.16,6.08,4.22
2.16,6.08,4.02
2.06,6.97,4.12
1.77,7.26,4.02
1.57,7.55,4.12
0.78,8.24,4.32
0.49,8.63,4.22
0.29,8.83,4.22
0,9.22,4.32
0.1,9.42,4.12
0.2,9.71,4.22
0.29,10.5,4.32
0.49,10.89,4.61
0.59,11.38,4.61
0.69,11.87,4.71
0.78,13.05,5.1
0.88,13.83,5.3
1.08,14.62,5.49
1.67,14.91,5.59
2.16,15.6,5.49
2.35,15.7,5.49
2.55,15.99,5.79
2.65,16.09,6.18
2.75,14.71,5.4
3.24,15.4,5.98
3.24,15.3,7.36
3.53,14.32,7.26
3.73,14.52,6.67
4.22,14.81,6.87
4.22,14.91,7.26
3.63,14.91,7.36
3.73,14.71,7.46
3.63,14.81,7.36
3.53,14.71,7.16
3.53,14.52,7.16
3.34,13.73,6.77
3.24,13.24,6.57
3.14,11.97,6.28
3.04,11.09,6.18
3.04,10.79,6.18
2.94,9.52,6.28
2.84,8.93,6.47
2.84,8.73,6.67
2.45,8.53,6.87
2.35,8.24,7.26
2.45,8.04,7.46
2.35,8.04,7.55
2.26,8.04,7.75
2.35,7.95,8.04
2.35,8.04,8.73
2.45,7.75,8.63
2.55,7.75,8.83
2.45,7.85,9.12
2.16,7.75,9.22
2.06,7.65,9.22
1.86,7.26,9.32
0.98,6.97,9.61
0.88,6.47,9.71
0.88,6.18,9.52
1.37,5.69,9.42
1.28,5.3,9.52
1.57,5.2,9.52
1.37,4.71,9.12
1.67,4.71,9.22
1.86,4.81,9.22
2.06,4.41,8.73
1.96,4.32,8.83
2.06,4.12,8.53
1.77,4.02,8.34
1.77,3.43,8.04
1.57,3.14,7.46
1.57,2.65,7.55
1.28,1.86,7.46
1.47,1.57,7.36
1.67,1.08,7.36
1.77,0.69,7.16
2.16,0.59,7.26
2.35,0.49,7.55
2.35,0.39,7.75
2.55,0.29,7.85
2.45,0.29,7.46
2.45,0.1,7.75
2.26,0.2,7.75
2.16,0,7.85
2.06,0,7.75
2.06,-0.1,7.95
1.96,-0.1,8.04
1.96,-0.1,7.95
1.86,-0.2,7.95
1.96,-0.29,8.14
1.96,-0.49,8.14
1.96,-0.69,8.44
2.26,-1.18,8.73
2.35,-1.37,9.32
2.55,-1.47,9.61
2.65,-1.57,10.01
2.75,-1.37,10.01
2.94,-0.98,10.4
2.84,-0.88,10.3
2.65,-0.1,10.89
2.55,0.88,10.99
1.67,1.57,11.28
1.18,2.45,11.48
0.78,3.14,11.28
0.59,3.43,11.87
0.69,4.02,12.16
0.1,4.51,11.87
0.2,4.12,12.36
0.39,4.32,12.75
0.39,4.12,12.65
0.59,3.92,12.75
0.98,3.92,12.65
1.37,4.12,12.65
1.47,4.61,12.36
1.96,4.81,12.16
2.06,5.1,12.07
2.16,5.59,11.87
1.86,5.98,11.18
1.67,6.38,10.89
1.28,6.47,10.89
1.08,6.47,10.3
1.08,6.67,10.5
1.08,6.97,10.1
1.18,7.06,10.01
1.28,7.26,9.81
1.47,7.26,9.71
1.57,7.26,9.42
1.86,7.26,8.93
2.35,7.16,8.44
2.55,7.46,7.75
3.04,7.65,7.55
3.24,7.75,6.87
3.63,7.75,6.77
3.83,7.85,6.47
3.92,8.04,5.89
3.92,7.95,5.4
3.73,8.14,5.2
3.63,8.14,5.1
3.43,8.44,5.1
3.73,9.52,4.91
4.32,10.01,4.51
4.81,11.48,4.51
4.61,12.26,4.32
4.32,12.07,4.22
4.02,11.97,3.83
3.53,12.36,3.92
3.14,12.46,4.12
2.84,12.36,4.22
2.75,12.26,3.83
2.65,12.16,3.73
2.94,12.26,3.83
3.63,11.28,2.35
3.04,12.26,2.45
3.83,14.42,3.34
4.71,15.01,3.92
4.22,14.91,3.53
5.2,14.91,3.43
5.4,15.11,3.53
5.4,14.91,4.41
5.1,14.42,4.71
5.2,14.13,5.1
5.79,13.73,5.79
6.18,13.54,5.98
6.38,13.54,6.47
7.06,13.83,6.77
7.36,14.71,7.26
8.24,15.01,7.36
8.34,15.01,7.55
8.14,13.73,7.55
7.75,13.05,7.46
7.55,11.77,7.55
7.16,11.28,7.55
6.97,9.61,7.46
6.47,8.83,7.46
6.18,7.85,7.36
5.98,7.36,7.36
5.89,7.06,7.55
5.79,7.06,7.55
5.69,6.97,7.85
5.49,7.26,8.04
5.1,7.36,9.22
4.91,7.26,9.32
4.71,7.06,9.22
4.12,6.87,9.32
3.83,6.47,9.52
3.63,6.28,9.32
3.63,6.18,9.22
3.53,5.89,9.12
3.43,5.79,8.93
3.34,5.59,8.83
3.34,5.3,8.83
3.24,5.2,8.83
3.14,4.91,8.83
3.14,4.81,8.83
3.04,4.61,8.93
2.65,4.41,8.93
2.65,4.32,8.93
2.65,4.41,8.93
2.84,4.32,8.73
2.84,4.12,8.83
2.84,3.83,8.24
2.65,3.73,8.53
2.45,2.94,7.95
2.26,2.55,7.75
2.26,1.86,7.26
2.16,1.37,6.87
2.06,1.08,6.77
2.06,0.49,6.67
1.86,0,6.47
1.96,-0.39,6.57
1.96,-0.59,6.57
2.35,-0.88,6.77
2.45,-1.08,7.06
2.35,-0.98,7.26
2.26,-1.08,7.16
1.86,-1.18,7.16
1.86,-1.37,7.16
1.57,-1.57,7.16
1.47,-1.86,7.26
1.47,-2.16,7.36
1.57,-2.35,7.46
2.16,-2.16,8.04
2.35,-2.06,8.53
3.53,-1.67,8.93
4.02,-1.37,9.32
4.81,0,10.69
4.91,0.49,10.5
5,1.86,10.89
4.81,2.45,11.09
4.61,4.51,11.38
4.22,5,11.38
3.92,6.57,11.18
3.73,6.87,11.09
3.83,7.65,11.38
4.12,8.04,11.58
4.41,8.14,11.67
4.91,8.44,11.58
5.3,8.44,11.58
5.49,8.14,11.38
5.1,7.65,11.09
5.1,7.46,10.79
4.81,7.36,10.69
4.51,7.26,10.4
3.83,7.36,10.3
3.63,7.46,10.01
3.34,7.46,9.91
3.24,7.65,9.52
2.75,7.75,9.32
2.65,7.85,8.93
2.35,7.75,8.44
2.35,7.65,7.95
2.45,7.46,7.46
2.55,7.36,7.36
2.55,6.77,6.28
2.94,6.47,6.08
3.14,6.38,5.49
3.34,6.08,5.3
3.14,6.18,4.81
3.53,6.47,4.41
3.43,6.67,4.22
3.34,7.16,4.32
3.43,7.16,4.02
3.53,7.55,3.92
3.63,7.75,3.83
3.63,7.85,3.73
3.53,7.85,3.73
3.53,8.04,3.53
3.63,8.14,3.63
3.73,8.53,3.63
4.12,9.12,3.34
4.12,10.01,3.34
4.61,10.69,3.24
4.51,11.28,3.04
4.81,11.58,2.75
4.91,11.97,2.84
5,12.07,2.75
5.1,12.46,2.45
5.4,12.56,2.45
5.49,12.65,1.96
5.69,12.75,1.86
6.08,12.85,1.77
6.28,13.05,1.67
6.77,13.24,1.57
7.06,13.93,1.57
7.36,14.13,1.67
7.65,14.42,1.77
8.04,14.71,1.77
8.34,15.5,1.67
7.65,14.81,2.45
8.24,14.22,1.77
7.36,14.22,1.86
7.16,13.83,3.73
7.85,14.13,3.92
8.73,14.03,4.91
9.12,14.32,5.79
9.22,14.52,6.08
9.42,14.52,6.08
9.42,14.42,6.18
9.03,14.22,6.18
8.73,13.64,6.38
8.24,13.44,6.38
8.04,12.16,6.47
6.97,10.59,6.67
6.67,9.32,6.87
6.38,8.44,7.06
6.08,8.24,7.06
5.98,7.95,7.16
5.89,7.65,7.26
5.89,7.36,7.65
5.98,7.36,7.65
5.89,7.16,7.85
5.79,7.06,8.14
5.59,7.06,8.63
5.49,6.87,8.53
5.2,6.87,8.44
5.1,6.77,8.34
4.81,6.57,8.73
4.41,6.38,8.73
4.32,6.28,8.34
3.83,5.69,8.53
3.63,5.59,8.53
3.43,5.3,8.44
3.14,4.81,8.34
2.75,4.02,8.24
2.65,3.83,8.14
2.55,3.53,8.14
2.35,3.14,8.14
2.16,2.94,7.95
2.26,2.75,7.75
2.06,2.55,7.46
1.77,2.35,7.55
1.37,1.86,7.16
1.28,1.47,7.16
1.28,1.28,7.06
1.37,0.98,7.06
1.37,0.69,7.06
1.57,0.49,7.26
1.67,0.29,7.26
1.96,-0.1,7.36
1.96,-0.29,7.46
2.06,-0.29,7.46
2.16,-0.39,7.55
2.26,-0.39,7.85
2.16,-0.2,8.04
2.16,0,8.44
1.96,0.1,8.53
1.77,0.2,8.73
1.67,0.2,8.73
1.77,0.2,8.73
1.96,0.2,8.83
2.06,0,9.12
2.35,-0.29,9.61
2.45,-0.39,10.2
2.65,-0.69,10.3
2.84,-0.49,10.69
2.94,-0.29,10.99
2.94,-0.1,10.99
2.94,0.1,10.99
2.84,0.69,11.09
2.75,1.47,11.09
2.26,1.77,11.09
2.26,2.65,11.18
1.96,3.24,11.28
1.86,4.91,11.58
1.77,5.79,11.77
1.67,6.08,11.77
1.86,6.77,12.07
1.86,6.97,12.26
1.96,6.97,12.56
1.86,6.87,12.46
2.16,6.77,12.56
2.26,6.77,12.36
2.75,6.57,12.07
3.04,6.57,11.77
3.43,6.57,11.28
3.73,6.57,10.99
3.92,6.77,10.2
4.32,6.77,10.01
4.41,6.87,9.22
4.71,6.77,8.93
4.81,6.67,8.63
4.51,6.38,7.75
4.41,6.28,7.26
4.32,5.89,7.06
4.22,5.4,5.98
4.02,5.4,5.98
4.12,5.49,5.69
3.92,5.49,5.49
3.53,6.18,5.4
3.63,6.67,5.89
2.94,6.97,5.89
2.45,7.46,6.18
2.06,8.34,6.38
1.96,8.53,6.47
1.96,9.22,6.47
1.86,9.52,6.47
1.96,9.71,6.38
1.77,10.1,6.18
1.37,10.69,5.69
1.47,10.79,5.3
1.77,10.5,4.61
2.26,10.5,4.22
2.94,11.09,4.02
3.34,11.48,3.63
3.73,11.77,3.34
4.51,12.75,2.55
4.71,13.15,1.86
4.91,13.24,1.86
4.91,13.64,1.77
5.2,13.83,2.35
5.89,13.54,0.2
5.4,13.44,0.2
5.3,16.58,3.24
5.89,15.6,3.43
7.46,14.52,1.57
7.65,15.99,1.47
7.75,16.48,1.96
7.95,16.48,3.34
8.14,15.99,2.65
8.34,15.99,3.83
8.73,15.99,4.22
8.73,15.79,4.71
8.34,15.6,4.91
8.53,14.81,5.2
8.73,14.71,5.79
8.93,14.52,5.89
9.03,14.52,5.98
9.22,14.42,5.98
9.42,14.62,6.08
9.61,14.62,6.08
9.71,14.52,6.08
9.52,14.13,5.98
9.12,13.64,6.08
8.83,13.34,6.18
8.53,12.36,6.47
7.85,11.58,6.67
7.55,9.91,7.16
6.87,9.03,7.26
6.57,8.63,7.26
6.38,8.14,7.36
6.28,7.36,7.65
6.28,7.16,7.65
6.38,7.26,7.85
6.47,7.36,8.14
6.38,7.36,8.24
6.18,7.26,8.53
5.89,7.26,8.73
5.69,7.36,9.42
5.2,7.26,9.71
4.91,7.06,9.81
4.71,6.97,9.81
4.41,6.77,9.81
4.32,6.47,9.61
4.12,6.28,9.71
3.83,6.08,9.81
3.43,5.98,9.71
3.24,5.69,9.71
3.14,5.59,9.42
3.14,5,9.12
3.14,4.61,9.03
2.94,4.32,9.03
3.04,4.22,8.93
2.94,4.02,8.63
2.94,3.63,8.44
2.84,3.34,8.24
2.75,2.84,7.85
2.35,1.28,6.87
1.96,0.1,6.28
1.57,-0.59,5.69
1.57,-1.37,5.2
1.57,-1.77,5.3
1.67,-1.86,5.3
1.77,-2.06,5.2
1.77,-2.16,5.1
1.77,-2.45,5.1
1.96,-2.65,5
1.96,-2.84,5.2
2.06,-3.24,5.49
2.06,-3.34,6.57
2.35,-3.24,6.67
2.45,-3.04,7.46
2.26,-2.84,7.65
2.26,-2.16,7.95
2.26,-1.96,8.04
2.45,-1.37,8.04
2.55,-1.08,8.14
2.84,-0.78,8.14
3.04,-0.39,8.24
3.24,0,8.44
3.53,0.78,8.73
4.12,0.88,9.61
4.71,0.78,11.28
4.91,0.69,11.87
5,0.69,12.07
4.81,0.98,12.65
4.71,1.37,13.34
4.51,1.86,13.54
4.02,2.06,13.64
3.92,2.45,13.64
3.73,2.84,13.54
3.43,3.34,13.34
3.04,4.41,12.75
2.55,4.81,12.65
2.45,5.69,12.36
2.16,5.98,12.26
2.06,6.38,12.56
2.16,6.38,12.56
2.35,6.18,12.46
2.55,5.98,12.36
2.94,5.59,12.07
3.34,5.59,11.97
3.34,6.18,11.77
3.92,6.57,11.67
4.22,7.16,10.79
4.61,7.95,9.91
5.3,8.14,9.71
5.49,8.53,9.12
5.69,8.83,8.93
5.59,8.93,8.24
5.3,8.63,7.65
4.91,8.53,7.55
4.61,8.24,7.36
4.12,8.04,7.16
4.02,7.85,6.97
3.83,7.75,6.67
3.73,7.65,6.18
3.53,7.85,5.89
3.43,8.04,5.3
3.43,8.14,4.81
3.43,8.44,4.71
3.53,8.53,4.51
3.53,8.73,4.02
3.73,8.83,3.92
3.73,8.83,3.53
3.92,9.12,3.04
4.12,9.22,2.94
4.12,9.42,2.55
3.34,9.03,1.86
3.73,9.22,3.53
5.4,9.42,1.96
4.91,9.91,1.08
4.61,9.61,1.08
4.81,9.42,0.98
4.91,9.52,0.98
5,10.1,0.98
5.2,10.3,1.18
5.4,11.09,1.47
5.98,11.28,1.47
6.08,11.77,1.37
6.47,12.16,1.57
6.87,12.07,1.57
7.06,12.26,1.57
7.16,12.46,1.67
7.36,13.24,1.47
6.38,13.05,1.47
6.18,13.93,3.04
7.85,13.83,3.14
8.04,13.24,3.14
8.04,13.15,3.34
8.53,13.34,4.32
8.83,13.05,4.81
9.03,13.15,5.59
9.32,13.24,5.98
9.71,13.44,6.87
10.5,13.34,6.87
10.5,13.44,6.87
10.5,13.34,6.77
10.59,13.34,6.67
10.69,13.24,6.28
10.01,12.95,6.18
10.01,11.97,5.98
9.22,11.77,6.18
9.12,10.99,6.08
8.73,10.5,6.18
8.53,9.81,6.47
8.04,8.04,6.97
8.14,7.46,7.36
8.04,7.16,7.46
7.75,6.77,7.65
7.75,6.57,7.95
7.65,6.57,8.24
7.36,6.67,8.34
6.97,6.97,8.53
6.77,6.97,8.63
6.47,6.87,8.63
6.08,6.87,8.44
5.79,6.77,8.93
5.79,6.77,9.03
5.69,6.47,8.83
5.2,5.98,8.73
4.81,5.69,8.63
4.61,5.4,8.53
4.22,5,8.44
3.53,4.12,8.24
2.94,3.34,8.04
2.55,2.84,7.75
2.35,2.55,7.75
2.35,2.16,7.75
2.06,1.96,7.75
2.06,1.77,7.65
1.86,1.67,8.04
1.86,1.47,7.95
1.86,1.28,7.55
1.77,0.88,7.46
1.57,0.78,7.06
1.37,0.49,6.47
1.28,0.29,5.98
1.18,0.1,5.89
1.08,0.2,5.89
1.08,0.2,5.79
0.98,0.1,5.89
0.98,0,5.89
0.98,0,5.98
1.08,-0.2,6.28
1.08,-0.2,6.38
1.18,-0.39,6.67
1.28,-0.69,6.87
1.37,-0.78,7.16
1.28,-0.78,7.16
1.28,-0.39,7.16
1.57,0.1,7.46
1.86,0.88,7.65
2.06,1.28,7.85
2.26,1.86,8.14
2.55,2.75,9.12
3.24,2.94,9.52
3.34,2.94,11.09
3.14,3.04,12.16
3.04,2.94,12.46
3.14,3.04,12.95
3.04,3.04,13.05
3.34,3.24,13.64
2.94,4.02,13.34
2.84,4.51,12.85
2.16,5.79,12.16
2.06,6.67,11.48
2.35,6.77,11.38
2.45,6.77,11.38
2.84,6.67,11.18
3.14,6.38,10.59
3.43,6.08,10.69
3.63,5.4,10.69
3.73,5.2,10.69
3.73,4.81,10.01
3.53,4.71,9.81
3.43,4.61,9.81
3.34,4.71,9.81
3.14,5.2,9.42
2.84,5.4,9.22
2.94,5.89,9.03
3.14,6.47,9.12
3.24,7.36,9.03
3.63,7.95,8.73
3.73,8.24,8.34
4.02,8.24,8.34
4.12,8.24,8.44
4.51,7.75,7.55
4.51,7.55,6.57
4.71,7.85,6.28
4.12,8.04,6.38
3.73,8.53,6.47
3.24,8.63,6.47
3.04,8.93,6.18
3.34,9.03,5.98
3.53,9.03,5.89
3.83,9.03,5.79
4.02,8.83,5.69
4.61,8.53,5.49
4.71,8.34,5.1
5.2,7.85,4.71
5.69,7.55,4.12
5.89,7.65,3.73
6.08,7.95,3.14
6.28,8.14,3.04
6.38,8.14,2.84
6.38,8.44,2.45
6.08,8.83,2.45
6.38,8.34,2.35
6.77,8.44,1.67
6.47,8.93,2.16
6.67,9.03,2.35
7.06,8.83,2.26
7.26,8.73,2.16
7.36,9.12,1.96
7.65,9.32,1.96
7.95,9.52,1.47
8.04,10.69,2.26
8.24,10.79,2.55
8.14,10.79,2.55
8.24,11.09,2.45
8.34,11.18,2.55
8.44,11.58,3.04
8.93,12.36,4.51
9.61,12.95,5.59
10.1,12.95,5.79
10.1,13.15,6.08
10.2,13.05,6.18
10.5,13.44,5.89
10.5,14.32,6.28
10.4,14.42,6.38
9.81,13.44,6.38
9.71,13.05,5.98
9.61,11.87,6.28
9.32,11.48,6.47
9.12,9.91,7.26
9.12,9.42,7.16
9.03,9.12,7.75
9.03,8.53,7.85
8.83,7.85,8.34
8.83,7.55,8.73
8.63,7.46,8.73
8.63,7.46,9.42
8.04,7.55,9.32
8.04,7.46,9.81
7.75,7.46,9.81
7.26,7.16,9.81
6.97,6.97,9.81
6.77,6.77,10.01
6.67,6.38,10.2
6.28,6.28,10.2
5.98,6.18,10.59
5.98,5.98,10.59
5.69,5.69,10.59
5.4,5.1,10.79
5,4.81,10.89
5,4.61,10.99
4.81,4.32,10.79
4.81,4.02,10.79
4.61,3.73,10.79
4.41,3.34,10.3
4.41,3.14,10.1
4.41,3.04,9.91
4.22,2.45,9.71
3.92,2.26,9.71
3.63,2.06,9.12
3.53,1.77,9.52
3.14,1.47,9.22
2.94,1.18,8.83
2.84,0.69,8.44
2.55,-0.29,7.55
2.16,-0.88,7.26
1.77,-1.28,6.97
1.67,-1.77,6.57
1.28,-2.06,6.38
1.28,-2.16,5.98
1.18,-2.35,6.18
1.08,-2.26,6.38
0.98,-2.06,6.67
1.08,-1.96,6.77
1.08,-1.77,6.87
1.18,-1.67,6.97
1.28,-1.57,7.06
1.28,-1.67,7.06
1.28,-1.67,6.97
1.28,-1.67,7.06
1.37,-1.77,7.26
1.57,-1.77,7.46
2.26,-2.06,7.95
2.55,-1.96,8.93
3.04,-2.06,8.93
3.43,-1.96,9.71
3.63,-1.77,10.1
3.83,-1.37,10.5
3.83,-0.88,10.69
4.02,0.1,10.99
3.73,1.18,10.79
3.34,1.96,10.89
3.34,2.94,11.18
3.14,3.92,11.18
2.84,4.71,11.18
2.84,6.08,11.77
3.14,6.77,11.77
2.94,7.16,12.26
2.84,7.46,12.26
2.55,7.46,13.05
2.35,7.46,13.24
2.55,7.26,13.05
2.45,6.87,13.05
2.26,6.97,12.85
2.45,6.97,12.56
2.45,6.28,11.87
2.94,6.18,11.67
2.94,6.08,11.58
3.14,5.79,9.91
3.14,5.79,9.61
3.04,5.69,8.63
3.14,5.69,8.44
3.14,5.69,8.14
3.24,5.79,8.04
3.24,5.79,7.85
3.43,5.89,7.75
3.34,5.69,7.46
3.43,5.59,7.46
3.53,5.59,7.55
3.34,5.89,7.55
2.94,6.97,7.26
2.75,7.46,7.36
2.84,8.04,7.46
2.94,8.44,7.46
3.24,8.83,7.36
3.63,9.12,7.06
3.83,9.22,6.87
3.92,9.22,6.57
3.92,9.12,5.98
4.32,9.12,5.89
4.81,9.32,5.49
5.49,9.71,4.91
6.08,9.81,4.71
6.47,10.3,4.51
6.77,10.3,4.32
7.06,10.3,4.12
7.26,10.5,3.43
7.36,10.4,3.34
7.36,10.89,3.04
7.65,10.99,2.65
7.26,9.22,3.63
8.34,9.32,2.45
7.65,10.69,2.06
6.87,12.75,3.43
7.55,13.24,4.22
7.46,12.65,3.73
7.95,12.07,2.94
8.34,12.16,3.14
9.03,12.46,3.73
9.12,13.15,4.51
9.22,13.44,5.49
9.52,13.54,5.79
9.61,14.03,6.28
9.91,14.22,6.38
10.01,14.52,6.77
9.81,14.42,6.67
9.61,13.83,6.18
9.61,14.22,6.38
10.2,14.42,6.67
10.5,13.34,5.4
9.71,13.15,5.2
9.52,12.56,5.3
9.61,12.07,5.4
9.32,10.3,5.79
9.22,9.03,6.18
8.93,8.83,6.38
8.63,7.55,7.06
8.44,7.06,7.16
8.34,6.18,7.75
8.44,6.28,8.04
8.24,6.38,8.24
8.24,6.77,8.53
8.14,6.87,8.63
8.04,6.57,9.12
7.55,6.38,9.42
7.16,5.98,9.81
6.67,5.79,10.2
5.98,5,10.3
5.69,4.81,10.3
4.81,4.22,10.01
4.71,4.02,9.91
4.41,4.02,10.01
4.41,3.83,10.01
4.12,3.73,9.91
3.83,3.53,9.91
3.63,3.24,9.61
3.43,2.75,9.71
3.14,2.35,9.81
2.94,2.06,9.42
2.16,1.57,9.32
1.67,1.18,8.93
1.37,0.69,8.53
1.18,-0.29,8.34
1.18,-0.69,7.95
1.28,-0.98,7.55
1.28,-1.28,7.55
1.37,-1.47,7.55
1.47,-1.86,7.75
1.57,-1.96,8.04
1.86,-2.06,7.85
1.77,-2.26,7.75
1.77,-2.26,7.65
1.67,-2.45,7.65
1.67,-2.55,7.55
1.67,-2.55,7.46
1.37,-2.55,7.16
1.57,-2.55,7.55
1.57,-2.55,7.16
1.67,-2.45,7.26
1.86,-2.45,7.26
1.96,-2.26,7.36
2.06,-2.26,7.46
2.35,-2.26,7.65
2.84,-2.35,7.85
3.43,-2.26,8.63
3.73,-2.16,9.03
4.22,-2.06,9.22
4.41,-1.86,9.91
4.91,-0.88,10.59
4.91,-0.2,10.79
5,0,10.89
5,0.88,10.99
4.91,2.35,11.09
4.61,2.75,11.09
4.41,3.83,11.09
3.63,4.71,11.18
3.63,5.2,10.99
3.14,5.4,11.09
2.84,5.98,11.18
2.45,5.89,11.09
2.26,5.89,11.28
2.26,5.79,11.28
2.16,6.08,11.38
2.65,5.79,11.38
2.84,6.18,11.38
3.24,6.28,11.77
3.43,6.47,11.48
3.43,6.77,11.48
3.43,6.87,11.48
3.24,6.97,11.09
2.84,7.06,10.99
2.65,7.16,10.59
2.65,7.26,10.1
2.55,7.26,9.91
2.45,7.46,9.32
2.45,7.55,8.73
2.55,7.55,8.53
2.65,7.46,8.04
2.75,7.46,7.75
2.94,7.36,7.55
3.04,7.16,7.36
3.24,6.97,7.06
3.34,6.47,6.47
3.53,6.28,6.18
3.53,6.08,6.08
3.92,5.59,5.3
4.12,5.59,5
4.32,5.79,5.1
4.41,6.38,4.91
4.61,7.06,4.71
5.1,7.46,4.71
5.2,8.04,4.61
5.49,8.73,4.51
5.69,8.93,4.41
5.69,9.42,4.32
5.49,9.61,4.02
5.3,9.91,4.12
5,9.91,3.92
5.1,10.01,3.83
5.1,10.1,3.83
5.1,10.3,3.73
5.4,10.4,3.73
5.49,10.89,3.63
5.89,11.28,3.34
6.38,11.77,3.34
6.38,12.07,3.43
6.77,12.16,2.94
6.67,12.46,2.84
6.47,13.34,3.04
5.79,13.54,3.73
5.69,12.65,3.14
8.93,13.15,4.02
6.87,14.91,3.04
6.87,14.52,4.81
7.55,14.13,4.22
7.46,13.73,3.83
7.75,13.83,3.83
7.95,13.93,4.12
8.24,13.83,5.69
9.12,13.83,5.69
9.32,14.03,6.47
9.81,14.03,6.77
10.01,14.13,6.67
10.01,13.93,7.26
10.1,13.73,7.16
9.81,13.64,7.06
9.81,13.44,6.97
9.42,13.05,6.97
9.22,12.46,6.77
9.03,11.58,6.87
8.73,10.89,6.97
8.44,9.42,7.26
8.34,7.65,8.04
8.04,7.06,8.24
8.04,6.67,8.34
7.95,6.38,8.53
7.85,5.59,8.93
7.65,5.4,9.12
7.65,5.3,9.12
7.55,5.1,9.42
7.16,4.91,9.22
6.67,5.3,10.1
6.67,5.4,10.5
6.47,5.49,10.3
6.08,5.59,10.1
5.89,5.49,10.2
5.79,5.49,10.3
5.69,5.59,10.1
5.49,5.49,10.1
5.4,5.2,10.1
5.2,4.91,10.2
5,4.71,10.2
4.91,4.51,10.2
4.71,4.41,10.1
4.51,4.12,9.91
4.41,3.73,9.71
4.12,3.14,9.52
4.12,2.94,9.32
3.92,2.55,9.22
3.92,2.35,9.12
3.83,1.77,8.63
3.63,1.37,8.34
3.34,0.49,7.95
2.94,-0.59,7.36
2.65,-1.67,6.67
2.26,-2.16,6.38
1.96,-2.55,6.28
1.86,-2.75,6.08
1.57,-3.04,5.89
1.47,-3.24,5.89
1.37,-3.43,5.98
1.37,-3.53,6.08
1.57,-3.43,6.57
1.57,-3.43,6.87
1.67,-3.34,6.87
1.67,-3.24,7.06
1.77,-3.04,7.16
1.86,-2.75,7.36
2.16,-2.65,7.36
2.35,-2.16,7.85
2.75,-1.96,8.24
2.94,-1.77,8.83
3.73,-1.37,9.22
4.22,-0.98,10.4
4.91,-0.59,11.09
5,-0.39,11.58
5.4,0.59,12.65
5.69,0.88,12.46
5.69,1.08,12.46
5.59,1.77,12.36
5.4,2.06,12.36
5.2,3.14,12.26
4.61,3.43,12.16
3.92,4.61,11.87
3.24,5.1,11.77
2.94,5.79,11.67
2.84,6.47,11.77
2.65,6.87,11.87
2.55,7.06,12.07
2.75,7.16,12.07
2.84,7.16,12.16
2.94,7.06,12.16
3.04,6.97,12.26
3.43,6.97,12.16
3.53,6.87,12.07
3.83,6.87,12.07
4.51,7.16,11.48
4.61,7.26,11.18
5,7.26,10.99
5.1,7.46,10.3
5.3,7.46,9.91
5.49,7.65,9.12
5.4,7.65,8.93
5.3,7.75,8.44
4.81,7.65,8.04
4.61,7.55,7.85
4.02,7.55,7.75
3.83,7.26,7.36
3.43,7.16,7.16
3.14,6.97,6.77
3.14,6.67,6.57
3.14,6.38,5.79
3.14,6.38,5.49
3.34,6.28,5.3
3.43,6.08,5
3.34,5.98,4.51
3.53,6.08,4.12
3.63,6.08,4.02
3.43,6.18,3.73
3.34,6.28,3.53
3.24,6.77,3.63
3.24,7.55,3.43
3.34,8.24,3.34
3.43,8.53,3.34
3.34,8.73,3.24
3.43,8.93,3.04
3.53,9.22,3.14
3.73,9.71,3.04
3.92,9.91,3.04
4.22,10.89,3.04
4.61,10.99,3.14
5,11.48,2.84
5.2,12.46,2.55
5.3,12.65,2.65
5.2,12.85,2.94
5.2,12.95,2.75
5.3,13.05,2.84
5.49,12.95,2.84
5.49,13.24,2.84
5.69,13.34,2.65
6.38,13.93,3.04
6.57,14.03,3.63
7.95,14.32,4.61
8.53,14.52,4.41
8.53,14.03,4.81
8.53,13.54,5.1
8.73,13.54,5.98
9.22,13.44,6.28
9.32,13.15,7.55
9.61,13.05,7.85
9.61,12.95,8.34
9.81,12.95,8.34
9.81,12.85,8.34
10.01,13.05,8.34
10.2,13.34,8.14
10.3,13.24,8.24
10.2,13.24,8.14
9.71,13.05,8.14
9.03,11.97,8.24
8.44,11.58,8.24
8.14,9.81,8.53
7.16,9.12,8.53
6.77,8.24,8.63
6.28,7.36,8.73
6.18,6.87,8.83
6.08,6.18,8.93
5.69,5.49,9.03
5.49,5.4,9.03
5.3,5.2,9.12
5.1,4.91,9.32
4.91,4.81,9.52
4.71,4.81,9.42
4.61,4.71,9.32
4.32,4.51,9.32
4.12,4.41,9.32
4.02,4.22,9.42
3.73,4.02,9.42
3.24,3.63,9.52
3.14,3.53,9.61
2.94,3.34,9.81
2.75,3.14,9.71
2.65,3.04,9.71
2.55,2.94,9.61
2.55,2.75,9.52
2.45,2.26,9.12
2.35,2.16,8.93
2.35,1.96,8.73
2.35,1.47,8.34
2.35,1.08,8.24
2.35,0.69,8.14
2.26,0.49,7.95
2.26,0.29,7.65
2.16,0.1,7.55
2.16,0,7.55
2.06,-0.29,7.55
1.96,-0.59,7.75
1.96,-0.78,7.85
1.96,-1.18,7.95
1.96,-1.18,8.14
2.06,-1.37,8.24
2.06,-1.37,8.24
2.26,-1.37,8.34
2.26,-1.47,8.24
2.35,-1.67,8.44
2.45,-1.67,8.53
2.55,-1.77,8.73
2.75,-1.96,9.12
2.94,-1.96,9.71
3.43,-1.96,10.5
3.92,-1.86,10.59