14,70,141
16,70,141
18,72,139
21,72,139
25,73,139
26,73,137
31,69,136
35,68,131
40,71,127
41,72,128
46,75,128
50,76,124
49,84,125
51,82,125
52,78,117
51,76,108
48,75,101
44,74,92
36,79,82
28,84,81
26,86,82
32,84,82
34,75,80
40,84,82
48,83,85
52,83,84
56,81,85
62,79,88
60,69,90
53,58,87
48,47,82
47,38,72
42,28,68
42,18,57
44,13,46
48,7,39
58,7,37
65,7,35
72,6,34
76,5,33
77,5,33
79,4,32
81,4,32
81,4,33
78,7,36
72,10,38
65,12,42
55,15,45
50,17,48
41,21,49
31,24,50
27,25,50
27,26,52
27,25,57
27,23,62
32,25,65
40,27,66
45,31,69
46,39,78
44,44,83
41,47,87
35,52,92
26,59,97
6,72,107
-11,76,111
-14,79,116
-17,87,127
-13,95,129
-12,106,137
-14,110,150
-27,112,160
-31,113,167
-46,115,174
-51,115,179
-54,114,183
-66,108,186
-70,105,190
-76,104,191
-78,104,193
-81,105,194
-80,105,197
-80,104,189
-79,105,178
-72,107,174
-71,107,162
-72,108,159
-74,109,149
-81,108,141
-88,105,129
-91,104,121
-97,97,115
-100,94,110
-96,87,107
-80,84,99
-65,83,99
-59,83,96
-37,83,95
-34,83,92
-30,84,91
-22,84,84
-7,86,81
3,85,80
12,83,79
22,80,78
32,77,77
39,72,75
45,64,70
46,56,65
48,47,58
54,39,53
56,33,48
57,29,43
58,24,33
57,25,27
49,31,24
36,43,26
25,38,27
19,41,29
13,43,33
4,47,36
2,49,39
-3,50,44
-6,48,53
-9,48,59
-8,44,67
-9,52,73
-17,63,71
-8,66,70
-6,70,67
-1,75,66
2,76,64
7,76,64
10,75,64
13,73,66
8,76,71
2,79,74
-6,88,78
-14,92,80
-23,98,82
-30,101,84
-34,101,86
-37,97,95
-38,95,106
-37,90,113
-37,87,117
-37,85,120
-35,85,122
-31,87,125
-22,88,128
-6,84,131
-3,83,129
4,80,128
10,79,128
12,76,127
9,74,125
4,71,118
-1,70,112
-5,71,106
-13,78,102
-31,87,101
-39,93,101
-43,99,100
-44,102,98
-45,107,96
-42,107,95
-37,106,95
-30,102,94
-23,96,95
-16,91,94
-9,84,94
-6,78,94
-5,75,92
-8,68,86
-12,62,83
-14,58,81
-14,53,74
-13,52,72
-10,51,70
-9,50,66
-1,49,62
4,49,60
6,48,60
10,47,59
14,45,57
17,44,54
18,43,53
20,42,53
21,41,54
23,38,54
26,37,52
27,37,51
27,35,49
28,34,47
28,33,43
31,33,40
33,34,38
33,35,36
34,36,36
33,36,36
29,36,36
28,36,35
27,37,35
25,39,37
23,44,43
27,46,47
32,51,54
38,54,62
40,60,71
41,64,78
38,58,80
37,60,75
36,58,76
36,60,85
47,65,96
58,69,104
62,72,112
65,72,118
64,71,121
59,67,121
58,66,119
50,67,118
44,67,117
33,68,116
25,73,118
17,79,121
6,84,124
2,93,128
-7,92,120
-6,104,133
-11,107,132
-10,109,134
-11,109,127
-12,109,121
-13,108,118
-15,105,109
-23,102,103
-26,100,99
-32,95,96
-34,91,93
-35,89,86
-36,85,83
-34,80,76
-30,77,75
-25,73,72
-23,71,69
-19,70,68
-17,69,65
-12,66,62
-9,66,59
-5,65,56
-2,63,53
1,63,52
3,61,52
6,59,52
11,58,52
13,57,52
15,57,55
17,57,58
14,64,62
13,58,65
10,59,71
8,58,73
7,59,73
6,61,75
-5,62,84
-12,65,87
-18,70,92
-25,74,94
-33,80,95
-36,83,97
-40,88,98
-44,92,101
-45,94,107
-48,95,109
-48,95,109
-47,95,110
-45,96,111
-42,94,110
-39,94,110
-37,96,114
-32,101,123
-27,106,129
-27,106,134
-31,111,137
-32,114,140
-33,119,144
-34,120,145
-37,120,142
-39,121,136
-46,119,136
-47,116,129
-48,115,126
-47,113,123
-39,113,123
-36,112,124
-23,111,127
-19,110,130
2,105,130
15,102,131
18,101,134
23,101,135
25,103,140
30,104,135
37,108,143
31,100,138
30,102,136
29,100,134
25,94,134
24,90,128
21,87,125
20,82,123
20,78,123
20,78,123
21,75,122
24,73,120
27,70,120
28,68,116
34,68,115
35,65,113
37,64,109
38,64,106
40,60,102
40,61,99
41,58,95
41,58,93
41,56,91
42,54,89
42,52,84
40,48,81
37,43,76
36,37,72
35,33,67
37,27,61
42,21,51
53,16,44
63,14,39
71,12,35
76,9,30
84,7,28
91,5,26
90,4,27
87,3,30
84,5,40
70,10,48
67,14,53
67,21,61
66,28,70
63,38,83
59,54,97
66,56,97
70,57,98
72,58,98
73,61,99
70,67,101
64,77,105
59,87,112
57,89,117
50,104,120
48,107,124
41,123,126
40,126,138
34,131,142
32,132,145
22,132,145
19,132,141
12,131,138
4,129,133
-9,127,133
-12,125,133
-22,123,132
-25,119,126
-33,111,125
-34,107,119
-34,103,118
-34,92,116
-33,88,116
-29,85,113
-21,80,112
-19,79,108
-5,79,103
-3,80,96
0,81,92
5,82,91
9,83,90
11,83,88
14,83,87
17,83,86
18,80,82
20,75,75
21,73,73
18,76,75
10,79,82
4,82,86
-4,86,91
-7,87,95
-14,89,97
-26,94,103
-28,95,108
-31,95,109
-37,98,110
-38,98,110
-49,97,109
-51,99,111
-54,100,112
-60,100,115
-62,100,118
-68,98,119
-73,99,121
-71,101,128
-64,104,133
-63,105,142
-60,109,143
-59,112,144
-59,115,144
-59,118,145
-58,119,142
-57,122,140
-56,122,137
-51,121,132
-49,120,127
-45,116,127
-43,112,124
-23,105,126
-19,104,131
-10,103,132
-6,102,136
7,99,141
28,97,142
32,98,141
36,103,146
42,102,147
42,103,148
42,102,148
43,101,148
39,99,148
37,97,151
36,96,151
32,91,150
31,89,147
32,88,148
33,86,149
33,85,148
35,83,146
38,80,143
39,78,142
41,76,140
44,72,137
45,71,131
46,68,130
46,65,126
46,63,118
47,61,115
47,59,113
46,58,110
46,53,106
45,49,104
44,47,97
45,44,95
45,41,90
43,37,86
43,29,74
49,22,64
53,19,60
58,15,53
66,12,48
73,10,44
79,7,39
87,5,35
92,1,27
97,-2,21
98,-2,19
97,-3,19
95,4,17
86,0,32
80,2,32
72,6,38
68,13,45
65,20,56
62,27,66
58,36,83
59,40,89
59,42,91
58,42,91
58,45,93
58,49,96
58,52,98
57,60,101
54,70,107
49,81,108
48,84,113
44,91,114
42,96,115
43,104,115
44,106,117
46,116,118
46,118,122
43,120,125
42,121,131
34,122,134
31,122,139
16,120,139
13,120,139
6,118,138
-3,115,134
-9,112,132
-12,110,131
-14,109,128
-16,105,127
-16,102,125
-15,99,124
-14,95,122
-13,93,120
-12,92,118
-9,91,118
-7,91,113
-6,91,110
-1,96,110
0,97,105
2,96,97
5,96,94
7,96,90
9,96,88
10,96,87
12,94,85
12,93,84
12,90,83
11,87,87
10,85,88
7,82,94
4,80,97
-1,78,99
-4,78,100
-12,79,106
-16,79,107
-18,80,108
-19,82,105
-21,83,104
-21,83,103
-25,83,102
-26,84,103
-26,84,105
-27,85,105
-31,87,106
-32,89,108
-39,92,108
-44,99,110
-45,108,120
-46,110,126
-50,113,127
-52,115,131
-61,122,132
-63,128,135
-71,132,135
-72,134,131
-74,128,130
-72,128,125
-71,122,122
-67,117,121
-65,114,120
-59,109,120
-54,108,121
-44,104,123
-39,102,125
-25,99,127
-9,96,129
3,93,129
15,93,129
18,93,130
24,94,131
29,96,133
32,100,134
32,104,140
32,106,139
19,106,140
16,105,143
17,102,146
21,96,147
22,95,145
23,93,144
28,89,147
28,86,146
33,84,144
38,81,145
37,80,141
41,76,138
43,74,135
49,71,129
50,70,127
51,68,126
50,63,119
49,65,117
48,63,115
48,60,113
48,59,110
45,54,107
44,53,104
44,51,101
44,46,100
41,43,96
41,40,89
42,36,82
44,32,78
45,29,70
46,27,65
46,25,63
48,23,60
53,19,57
57,16,54
60,15,52
64,10,47
68,8,43
68,7,42
70,6,40
70,6,39
72,6,39
72,7,39
72,7,37
71,11,40
71,16,48
70,20,50
69,22,54
70,26,58
71,32,64
71,39,70
67,42,72
65,45,74
63,46,75
62,47,77
61,50,77
61,52,78
54,62,89
49,69,93
45,73,95
44,76,97
43,81,99
39,88,99
37,90,101
38,96,105
30,106,104
28,107,107
23,108,108
21,108,111
14,104,110
12,103,110
9,99,110
7,93,110
5,91,108
4,85,106
2,80,109
4,78,111
8,76,115
9,75,116
11,76,115
12,78,110
16,80,110
22,86,106
20,86,104
25,83,115
19,101,103
15,99,101
16,93,106
22,95,108
17,92,104
16,92,104
8,86,113
14,89,116
-1,91,116
-3,89,122
-15,92,124
-21,96,115
-25,95,119
-24,94,117
-24,91,114
-22,89,115
-22,88,117
-17,86,113
-18,86,117
-19,86,117
-20,85,118
-29,90,119
-28,93,121
-27,96,127
-26,98,130
-30,107,139
-33,109,141
-38,114,138
-38,117,143
-39,116,142
-44,115,142
-42,111,139
-42,110,135
-38,106,134
-38,105,133
-28,100,131
-25,98,127
-7,97,125
6,96,123
15,95,118
30,93,111
36,93,111
37,96,112
38,96,111
38,97,115
39,98,117
41,102,122
38,105,124
39,106,131
35,110,130
33,105,138
31,106,137
35,99,133
34,95,126
34,98,137
38,95,135
40,93,133
42,89,133
45,89,132
50,87,128
56,81,125
56,77,121
58,76,120
59,74,116
60,69,116
62,67,112
64,65,108
66,61,105
67,57,105
64,55,100
63,56,95
62,52,85
60,47,75
57,44,70
54,43,69
52,41,63
51,34,58
52,31,55
64,29,48
69,27,45
72,23,41
77,22,38
79,22,34
80,20,27
79,21,22
77,26,29
78,34,44
74,39,51
77,45,59
76,46,63
75,57,65
74,43,67
71,49,67
67,50,68
64,56,71
60,63,75
58,68,78
55,83,83
47,98,84
44,108,84
42,110,86
41,112,88
40,112,91
40,113,94
37,113,96
34,111,98
32,109,99
27,107,98
22,104,97
17,103,98
11,101,98
9,101,98
4,97,95
3,95,93
5,91,92
7,88,93
12,89,95
13,90,88
12,93,88
8,95,89
6,96,88
4,98,88
3,99,86
3,100,87
3,100,85
2,101,83
6,100,81
9,97,83
9,97,84
9,96,84
8,96,84
7,96,83
7,96,84
5,96,83
4,96,84
3,98,85
2,99,86
0,100,87
-6,101,88
-10,103,88
-10,103,92
-12,103,92
-13,104,93
-15,103,92
-16,103,93
-18,105,93
-21,107,94
-28,110,95
-30,111,98
-37,113,102
-41,115,105
-45,119,107
-45,122,112
-43,126,116
-41,128,123
-40,130,124
-41,131,127
-47,134,127
-51,135,127
-58,134,123
-69,133,121
-72,131,116
-77,125,110
-76,122,107
-72,118,106
-68,115,104
-52,111,105
-46,110,106
-30,108,106
-24,106,106
-3,106,107
0,107,105
12,108,105
14,109,106
22,113,107
25,114,108
27,117,110
28,120,111
28,120,111
22,120,113
22,119,115
18,116,116
18,115,119
18,113,121
21,108,122
22,108,123
27,101,122
35,98,122
37,96,121
38,95,121
46,90,116
50,85,111
52,82,110
52,79,107
54,74,107
55,73,102
55,72,98
55,69,96
55,66,95
56,65,93
56,62,90
56,57,86
55,54,83
53,51,80
52,50,78
48,46,76
46,43,69
47,40,61
50,39,57
54,36,53
58,34,47
62,32,42
67,31,37
71,29,29
76,27,26
79,26,23
79,27,25
77,28,27
76,34,32
74,36,39
71,38,45
68,44,58
70,48,63
71,50,65
67,51,67
65,51,68
63,53,68
60,56,67
57,61,69
52,70,72
49,78,74
45,92,80
41,100,82
40,106,86
39,110,90
38,112,91
37,113,94
33,114,95
28,112,104
24,109,106
11,103,107
7,102,106
4,100,107
0,98,106
-3,94,104
-3,92,103
-3,90,103
-3,88,103
-3,84,102
0,84,101
0,85,98
2,86,93
4,88,89
4,90,85
4,91,83
6,93,79
8,94,77
12,94,77
15,92,76
18,91,75
20,90,75
18,89,79
15,89,82
11,90,84
7,92,87
0,93,88
-2,93,88
-7,96,91
-10,97,93
-12,97,94
-12,98,93
-14,98,92
-15,99,92
-16,100,92
-17,102,93
-22,104,95
-30,107,94
-32,109,97
-37,111,96
-37,115,102
-35,121,109
-35,123,115
-37,125,120
-45,126,121
-46,127,120
-51,127,121
-53,126,118
-60,122,115
-61,120,110
-57,114,107
-55,112,102
-43,108,100
-38,106,98
-25,106,98
-21,106,99
-8,106,99
-2,107,99
0,107,98
11,108,98
17,109,98
19,110,100
22,112,104
22,113,108
19,115,110
19,116,110
16,115,112
12,116,112
13,114,115
13,112,116
13,112,119
15,109,119
17,109,117
22,105,116
24,104,116
29,102,116
31,101,115
38,97,114
40,96,112
44,93,112
45,91,111
52,85,110
52,84,107
55,81,104
57,75,98
57,72,93
57,65,89
57,63,87
56,61,86
57,59,83
54,54,80
52,52,78
50,47,73
49,46,72
49,45,69
48,44,66
50,40,61
52,39,55
52,37,53
53,37,50
54,36,48
56,34,47
57,33,45
61,31,43
64,30,42
66,29,42
67,28,41
68,24,39
67,23,37
67,25,41
69,28,44
70,31,47
71,36,48
74,41,49
75,45,51
73,49,53
72,49,53
70,53,54
68,55,56
65,60,58
61,65,62
57,71,62
53,83,75
50,89,80
47,96,85
45,100,87
45,104,90
45,107,90
44,108,94
43,113,98
42,113,99
37,111,102
36,111,103
29,110,104
27,109,104
9,104,103
7,103,101
3,98,100
2,95,98
2,91,98
3,88,98
4,86,99
6,86,96
6,87,94
7,90,91
8,92,90
7,92,89
7,92,88
11,89,89
13,88,89
16,84,89
17,82,90
16,80,91
15,79,92
14,78,93
13,78,93
11,79,96
6,80,96
2,82,99
0,84,100
-4,86,101
-8,89,102
-9,89,101
-14,91,100
-17,91,101
-17,91,103
-20,93,103
-20,93,105
-22,94,106
-24,94,108
-30,95,108
-33,98,111
-31,104,113
-29,108,127
-33,113,130
-35,116,131
-42,119,132
-57,123,131
-61,124,126
-78,122,123
-80,121,116
-82,119,112
-82,116,109
-64,109,105
-57,108,102
-45,107,103
-38,106,105
-27,106,104
-10,104,103
0,104,102
11,105,101
13,106,102
23,108,102
25,110,104
27,112,106
27,114,108
26,116,109
24,117,108
16,120,110
14,120,113
10,118,115
11,117,122
10,118,123
15,109,125
23,109,122
25,105,121
30,104,120
38,101,119
39,99,118
47,97,116
47,96,114
50,93,109
53,88,104
54,85,103
55,78,99
55,74,96
54,67,92
53,64,87
53,59,82
52,57,81
51,55,78
50,53,74
49,50,69
47,49,68
46,48,66
46,47,63
47,46,61
47,44,59
48,43,57
51,41,52
53,39,51
57,36,46
59,35,42
61,34,42
64,32,38
67,31,35
69,30,34
72,27,32
74,26,28
78,31,30
80,32,38
81,33,41
81,34,42
80,37,47
80,41,50
79,45,56
77,46,60
74,50,64
73,50,67
71,49,70
69,49,72
66,50,74
60,56,79
53,68,84
50,78,88
48,83,94
39,96,94
35,103,95
30,112,93
27,117,90
27,120,89
29,119,90
30,118,91
29,114,92
28,109,99
23,106,100
22,104,103
17,95,103
16,94,103
15,88,103
14,87,103
13,85,103
12,84,104
10,84,103
9,84,103
7,88,100
4,90,97
2,91,96
0,93,91
0,95,89
-1,96,88
-2,96,86
0,95,84
2,90,85
6,86,90
8,83,93
9,81,95
6,80,94
4,81,96
2,82,96
-2,83,96
-6,87,95
-8,90,95
-12,92,92
-16,94,91
-18,95,90
-18,96,88
-19,96,89
-19,96,90
-23,101,92
-24,102,93
-33,106,94
-35,108,94
-41,115,94
-41,116,99
-39,126,105
-40,128,107
-45,136,108
-47,139,109
-48,141,110
-51,142,111
-53,144,112
-57,143,112
-60,143,113
-63,140,113
-69,135,114
-69,132,114
-70,128,113
-67,123,112
-65,121,112
-45,114,112
-39,112,113
-19,109,114
-14,106,115
-5,106,115
8,104,114
17,103,112
19,104,110
25,105,110
25,106,111
26,108,111
26,109,112
22,111,113
21,109,113
17,107,113
17,106,113
17,101,115
17,99,115
18,97,115
21,97,116
23,95,120
32,93,119
33,92,119
37,91,118
39,90,116
43,89,115
45,89,114
49,88,111
50,87,108
51,86,106
52,84,105
52,83,101
52,81,100
52,80,98
52,77,97
51,76,95
49,73,94
48,70,93
47,68,91
46,66,89
46,64,87
44,61,87
43,58,84
41,53,81
41,51,75
39,49,74
38,49,72
37,47,70
34,42,63
38,40,59
43,38,55
46,33,47
53,31,45
57,28,43
68,24,38
74,22,34
76,22,32
82,21,31
84,21,32
87,21,32
86,20,32
86,23,32
86,28,37
86,29,41
85,33,45
85,39,47
84,44,52
85,46,54
84,51,59
81,55,64
77,58,68
74,61,73
69,65,75
66,68,80
61,72,83
46,86,87
41,94,88
34,102,89
32,105,90
30,111,89
30,114,91
31,118,92
31,118,95
33,119,97
33,120,102
32,119,103
32,119,106
28,115,107
27,114,111
23,112,111
19,111,114
11,108,114
9,105,112
1,102,112
1,101,109
1,96,107
1,95,106
5,93,106
6,93,103
6,93,99
8,94,94
8,96,92
7,98,90
3,101,85
3,101,85
3,101,83
4,100,82
6,97,81
5,96,80
4,96,82
2,96,82
0,96,82
-2,96,80
-5,96,79
-9,97,79
-11,98,79
-11,99,80
-15,100,81
-17,99,82
-18,100,83
-19,101,83
-25,102,84
-26,103,86
-34,107,89
-38,109,92
-41,112,95
-49,114,96
-51,116,97
-62,119,98
-65,121,101
-67,126,105
-66,130,110
-64,134,120
-61,133,124
-59,135,130
-56,135,132
-51,132,130
-49,130,126
-45,128,123
-42,126,121
-37,121,117
-35,119,113
-32,116,113
-29,115,110
-18,112,111
-15,111,111
-2,110,112
0,110,113
6,110,114
15,110,113
17,109,114
23,109,114
25,109,114
32,109,115
35,109,115
37,110,115
39,110,115
40,110,117
39,110,118
39,110,118
36,107,119
34,104,116
31,107,117
30,102,122
29,104,126
29,102,129
31,100,128
32,99,129
34,96,130
37,95,130
40,91,128
41,90,127
42,86,124
43,84,121
43,81,117
43,78,115
44,77,113
44,75,111
44,73,110
44,72,108
44,69,108
45,67,104
45,63,103
45,60,101
45,59,96
45,55,95
44,54,93
44,50,92
44,48,87
44,45,85
43,40,78
44,38,69
47,33,60
51,27,49
65,23,46
78,20,44
86,18,34
89,16,27
98,15,19
103,14,9
102,16,8
97,18,9
88,21,13
75,24,23
67,26,25
62,29,34
62,36,41
69,39,42
70,40,48
72,43,53
73,46,54
75,50,56
77,52,62
76,55,64
75,55,67
73,58,70
69,61,72
64,66,75
59,69,76
58,71,76
54,77,76
52,82,80
49,89,85
48,93,87
46,97,90
43,105,93
42,107,96
39,114,100
39,118,102
38,121,105
34,122,106
33,121,110
28,121,110
27,121,113
19,118,114
17,117,115
12,115,114
11,112,112
10,106,111
9,102,111
9,100,111
9,99,111
8,99,110
8,99,108
7,100,105
6,101,102
5,103,99
2,106,98
1,107,94
0,109,92
0,110,88
2,110,82
3,110,79
5,109,77
7,108,77
7,104,77
6,102,77
5,100,78
0,100,78
0,99,80
-2,99,80
-4,99,81
-9,99,82
-13,101,83
-19,103,86
-24,104,88
-26,106,91
-34,110,94
-36,111,94
-44,115,93
-47,116,93
-55,119,93
-56,119,93
-61,120,94
-62,120,97
-64,121,98
-60,127,103
-58,130,115
-51,134,117
-49,135,121
-46,137,121
-46,138,119
-50,137,119
-50,136,117
-51,132,117
-44,123,118
-41,121,118
-31,115,116
-27,111,117
-5,108,117
-1,108,119
11,106,119
15,106,119
29,105,118
31,106,118
43,106,116
44,106,117
47,107,118
46,106,120
45,105,120
44,103,119
38,102,120
37,98,122
32,100,121
31,93,121
31,95,123
31,89,123
32,86,123
33,86,122
34,84,122
37,81,120
37,79,118
39,78,117
40,76,114
43,75,114
44,74,109
46,70,103
47,67,101
47,65,99
46,64,96
47,62,96
47,62,94
46,60,93
45,58,91
45,57,89
45,56,87
44,51,83
43,48,82
43,45,75
44,41,73
48,35,66
51,32,54
53,29,45
58,29,41
63,26,36
71,26,30
80,23,22
86,22,21
86,21,21
86,21,21
83,22,23
81,23,28
68,25,38
66,33,49
68,37,56
73,43,58
77,47,62
77,50,71
77,53,72
76,55,75
72,59,76
66,64,78
61,66,78
57,69,78
55,71,78
52,74,79
47,85,83
43,90,84
41,94,86
41,98,88
39,102,90
38,109,92
38,113,97
36,117,100
36,119,104
34,120,106
33,119,108
29,118,108
28,117,111
23,115,112
22,114,114
15,111,114
12,110,114
7,107,115
5,106,114
2,103,114
2,99,111
2,95,110
3,92,110
4,91,110
5,90,107
7,90,106
8,91,102
8,92,95
8,93,92
8,95,90
9,97,87
8,97,84
9,98,82
9,99,81
11,100,80
10,101,79
9,101,78
7,102,78
4,103,76
0,102,76
0,102,76
-5,102,76
-6,101,78
-11,100,79
-12,99,80
-13,100,82
-18,100,82
-20,102,88
-22,103,88
-23,103,90
-26,105,90
-28,105,89
-29,106,89
-30,106,89
-33,108,90
-35,108,89
-38,111,90
-43,113,93
-48,115,94
-51,115,95
-59,121,96
-60,132,110
-55,135,117
-55,135,118
-54,135,117
-51,135,115
-50,135,116
-49,135,116
-47,131,115
-46,128,111
-41,120,109
-40,119,105
-38,114,102
-26,112,101
-22,111,103
-14,111,104
3,111,106
5,111,111
19,113,111
22,113,113
28,115,114
30,116,117
32,117,119
32,118,122
32,118,124
31,116,125
30,120,127
29,117,128
24,114,131
22,112,132
20,110,132
17,107,130
18,108,135
21,104,136
22,102,135
29,99,134
30,98,133
34,95,133
36,94,132
43,89,131
44,88,126
51,84,123
51,82,120
53,79,117
53,76,114
54,71,110
53,70,106
53,67,105
53,66,102
53,63,101
53,62,99
52,60,98
49,54,93
47,51,88
46,49,87
46,45,81
47,43,75
48,42,70
49,37,60
53,33,53
59,31,50
71,27,43
77,25,37
81,23,33
83,22,28
85,21,26
80,22,28
76,23,31
71,23,34
70,23,36
67,24,36
67,23,36
69,27,33
72,30,33
77,35,38
78,36,41
82,43,43
83,46,47
85,51,49
86,53,53
85,55,54
83,58,56
82,59,60
77,63,65
72,66,68
67,67,71
57,71,72
50,75,76
46,77,78
38,84,81
36,87,85
32,94,88
28,101,91
27,106,92
28,108,93
26,112,93
26,115,99
27,117,101
29,116,102
28,115,103
27,112,106
27,111,108
27,107,109
27,106,110
23,101,111
22,97,110
18,96,110
17,94,109
15,94,109
15,93,108
13,93,107
12,93,106
12,95,102
11,96,100
10,98,100
11,98,98
10,99,97
9,101,96
7,103,95
4,105,93
4,105,92
5,104,91
5,104,90
6,104,91
5,102,92
2,101,92
0,100,92
0,99,91
-3,99,89
-9,100,90
-14,101,91
-20,102,91
-20,103,90
-24,103,91
-25,103,91
-27,104,90
-28,104,90
-29,104,89
-30,104,89
-31,104,88
-32,104,88
-37,107,89
-38,108,91
-43,110,92
-45,111,93
-56,116,94
-61,126,98
-55,131,106
-55,134,115
-55,135,117
-54,140,117
-55,141,119
-59,142,118
-62,144,117
-67,141,114
-70,135,111
-70,134,109
-63,123,108
-59,121,107
-30,112,109
-25,111,110
-7,109,112
15,108,112
18,107,111
28,109,110
30,110,111
32,112,112
33,114,114
36,117,117
36,117,119
36,118,121
35,118,122
33,118,124
27,117,125
27,116,128
25,113,130
24,105,130
25,112,133
31,108,135
32,104,133
37,102,132
38,101,130
43,97,128
43,97,126
45,94,124
44,92,120
45,90,119
46,85,114
46,84,112
45,76,107
44,71,106
44,70,103
44,67,101
46,63,99
45,59,96
45,58,92
45,56,87
45,52,81
46,49,75
51,42,61
56,40,58
57,40,51
63,34,46
75,28,35
83,26,30
93,23,27
94,22,21
98,19,18
94,17,16
91,18,17
87,19,19
84,20,23
81,22,28
77,27,38
78,31,49
75,34,53
71,39,55
70,42,61
69,46,63
68,49,67
67,50,70
64,54,72
58,57,72
56,58,71
51,61,72
47,66,74
47,69,76
46,73,78
45,78,79
45,82,79
43,91,80
43,95,83
42,99,83
41,101,86
41,107,88
41,110,93
40,113,95
39,114,98
39,114,98
37,114,103
37,113,106
35,112,109
31,109,112
30,109,116
24,108,117
23,107,116
21,106,115
20,105,116
19,104,116
17,103,117
15,102,117
15,103,116
12,102,116
11,103,113
9,103,111
8,104,110
6,105,107
4,106,108
4,106,105
2,107,104
2,107,103
1,107,102
0,106,101
0,106,96
0,106,94
-1,105,93
-1,104,90
-2,104,90
-3,103,89
-4,102,89
-6,102,88
-8,103,87
-10,104,89
-18,107,91
-20,109,91
-30,113,91
-32,115,89
-37,116,88
-38,116,87
-42,118,86
-44,118,85
-49,119,86
-50,118,87
-54,118,89
-55,119,91
-56,119,92
-58,119,93
-60,121,94
-59,124,98
-54,128,102
-53,130,112
-53,130,113
-54,136,118
-54,138,114
-55,143,121
-68,140,119
-68,137,114
-69,134,113
-63,125,111
-60,119,112
-50,114,113
-41,110,114
-20,105,117
-14,104,118
0,101,119
3,101,121
15,100,121
18,99,118
26,100,118
33,102,115
38,104,115
39,105,115
44,108,115
45,110,116
43,115,118
42,116,119
37,119,124
35,120,124
27,121,125
25,119,126
21,114,129
22,113,133
24,110,134
26,108,134
29,106,135
30,105,134
33,102,134
37,98,133
40,96,132
43,91,123
45,88,121
44,86,117
45,84,112
44,83,111
44,80,106
45,79,105
44,78,101
46,74,96
46,71,94
47,65,91
48,61,88
47,57,85
48,55,82
49,50,77
51,46,73
53,45,65
55,40,57
60,38,54
61,35,44
67,32,42
70,31,34
81,28,22
86,28,19
87,28,18
87,28,21
79,27,24
73,27,26
61,26,30
57,28,32
59,30,36
63,32,37
65,32,37
72,34,37
77,37,38
78,40,44
78,44,50
77,45,53
75,47,53
75,48,57
71,52,59
70,53,63
66,55,66
61,58,70
57,60,75
53,63,76
50,65,80
45,72,82
42,81,87
43,84,92
44,90,96
44,91,100
45,95,102
45,99,105
44,103,108
43,105,112
39,109,114
38,111,118
34,112,118
32,113,119
24,114,120
14,117,120
11,117,120
5,115,119
3,115,117
0,112,116
0,110,113
-1,107,113
-1,106,112
-1,104,112
0,104,111
3,102,110
4,103,108
7,104,107
13,105,104
14,106,101
19,110,100
19,110,98
17,111,96
17,112,92
16,113,92
16,113,90
15,114,91
14,115,90
13,114,90
11,115,89
9,116,89
2,116,89
0,116,88
-7,118,88
-14,119,86
-17,118,81
-20,119,79
-21,117,78
-21,116,78
-21,115,79
-22,113,80
-23,113,81
-24,112,81
-24,111,81
-25,111,80
-26,111,79
-29,112,79
-30,113,80
-38,119,81
-40,121,83
-49,129,85
-51,133,88
-53,141,89
-52,144,98
-53,147,100
-54,151,105
-60,155,110
-62,156,113
-72,154,113
-74,151,116
-76,147,116
-76,145,116
-68,131,114
-64,125,110
-57,122,109
-43,115,107
-38,113,107
-18,108,107
-13,106,107
6,105,108
10,105,108
20,104,107
24,105,107
35,106,106
38,107,107
44,110,107
46,111,110
51,115,112
51,118,117
50,120,118
49,122,121
42,123,123
40,123,124
34,122,125
31,122,128
21,118,131
19,114,130
15,113,137
16,112,141
21,107,141
23,106,140
31,100,140
34,99,139
39,95,138
41,93,135
44,89,133
45,87,128
47,85,125
48,81,123
49,80,117
49,77,114
48,75,112
49,75,109
49,69,105
49,68,101
49,65,100
49,63,96
49,59,91
48,55,87
47,49,83
48,44,72
53,39,70
54,36,60
60,29,54
63,30,51
86,16,42
93,14,20
98,13,14
103,11,7
103,13,1
102,15,1
98,18,6
85,22,14
73,24,19
68,27,22
66,30,26
65,36,38
66,40,41
65,45,47
66,48,51
67,52,55
68,56,61
66,57,63
64,59,65
62,62,70
62,64,73
62,63,75
58,64,79
54,67,79
47,71,81
38,80,85
34,87,88
33,91,93
31,92,93
32,100,99
32,103,100
33,104,102
35,105,102
37,105,104
40,106,107
41,106,110
42,106,112
42,105,117
39,103,117
39,102,118
35,101,119
31,100,119
28,99,120
26,99,120
23,99,120
21,99,119
17,99,119
12,100,120
11,101,119
7,103,119
7,103,118
6,105,116
6,106,112
6,107,112
6,107,111
6,108,109
5,109,108
5,109,108
3,110,105
3,110,104
5,110,103
6,109,102
6,109,101
6,108,99
4,108,97
-2,109,97
-5,110,94
-11,112,94
-14,112,90
-19,112,88
-19,112,84
-23,111,81
-23,110,78
-24,109,78
-24,107,76
-23,105,74
-23,105,74
-23,104,73
-24,104,72
-26,106,72
-27,107,72
-28,109,74
-33,113,74
-36,117,75
-37,119,77
-41,123,77
-41,126,83
-41,136,88
-41,136,93
-47,146,99
-49,148,104
-52,150,109
-54,150,108
-60,157,117
-62,155,118
-69,147,116
-69,144,113
-60,134,110
-56,130,106
-37,124,106
-32,122,108
-19,118,108
-14,117,109
1,114,111
5,113,113
14,112,114
26,110,116
29,109,118
38,110,119
40,109,120
42,110,119
47,113,119
50,114,120
51,114,120
51,113,121
50,112,124
45,111,126
44,110,130
39,109,131
37,109,134
35,108,135
32,107,135
31,105,137
31,104,137
31,101,133
31,102,135
31,101,134
33,99,131
33,98,130
34,96,129
35,95,127
35,92,126
36,90,124
38,87,121
38,85,117
41,81,114
41,79,112
43,76,109
44,72,108
44,70,103
45,66,101
45,63,97
45,61,91
44,58,90
42,54,87
44,47,77
48,42,75
51,40,60
61,35,56
75,31,47
82,29,41
86,29,35
98,27,32
107,23,21
107,20,16
103,18,16
95,16,16
83,18,27
82,21,31
81,24,35
82,26,36
83,29,38
85,32,43
85,35,51
83,39,60
81,40,63
73,46,67
68,48,69
65,51,70
58,58,73
50,61,73
42,72,75
39,81,75
39,89,79
39,99,80
39,102,85
39,108,87
40,110,89
40,113,92
40,115,95
40,116,99
38,117,102
38,115,106
36,114,109
35,113,112
31,111,115
30,110,118
27,109,119
24,109,119
22,107,119
19,105,118
19,104,117
19,103,119
18,102,120
18,102,121
17,102,123
15,103,122
13,103,122
8,107,122
7,108,120
2,113,120
-2,117,119
-4,118,116
-7,120,115
-7,120,110
-8,120,107
-8,120,102
-7,119,100
-7,118,98
-7,116,97
-7,114,96
-10,113,96
-11,112,95
-15,111,95
-16,110,93
-20,109,93
-22,108,91
-30,107,89
-31,107,86
-33,106,85
-34,106,83
-33,105,80
-33,104,78
-31,103,77
-30,103,75
-29,102,74
-30,104,77
-30,105,79
-33,107,81
-38,110,83
-40,113,86
-42,117,89
-42,122,93
-41,128,97
-40,130,98
-40,132,101
-40,135,104
-41,135,108
-45,134,109
-49,132,110
-54,130,110
-57,124,109
-58,119,107
-47,113,107
-43,112,107
-30,106,108
-24,105,112
-2,102,114
2,101,117
13,100,117
17,99,118
27,98,120
38,99,120
40,101,119
47,105,120
46,109,121
41,114,125
27,116,129
25,115,131
21,114,132
19,113,133
19,111,132
19,109,131
22,106,132
25,103,132
26,102,130
28,101,130
34,97,128
38,93,123
40,91,121
42,89,119
45,88,116
45,86,113
48,84,111
50,80,107
51,80,102
53,74,100
54,72,95
54,68,92
54,65,90
54,64,88
54,61,85
53,58,83
52,57,81
47,50,73
46,48,62
45,47,59
42,45,56
41,44,54
40,43,52
39,42,50
39,41,47
39,41,43
39,41,42
39,42,41
39,43,39
37,44,37
34,47,33
29,48,31
30,47,27
30,47,27
32,44,28
34,43,30
37,41,34
41,40,40
44,39,42
47,37,47
51,37,46
53,36,44
54,35,42
55,40,42
54,41,37
51,45,35
50,45,33
50,45,33
51,47,37
46,49,40
45,50,45
38,54,47
33,56,50
23,64,53
16,72,56
15,78,63
16,84,67
25,87,68
31,89,72
31,87,72
33,86,73
35,85,74
36,84,79
39,82,82
39,81,85
39,79,87
37,77,90
37,76,93
33,75,93
34,75,95
29,75,97
39,75,96
34,81,97
31,89,96
29,92,95
26,96,96
22,98,97
21,99,100
17,102,102
15,104,105
6,107,108
3,107,110
0,109,112
-2,110,114
-4,109,116
-6,108,117
-5,107,117
-9,105,117
-10,104,116
-8,102,116
-7,99,114
-6,100,112
-9,98,111
-10,97,109
-14,96,108
-18,96,107
-19,94,108
-29,92,107
-24,91,106
-28,89,103
-26,89,100
-30,91,99
-31,92,98
-30,92,95
-30,95,94
-32,95,90
-32,96,89
-29,98,84
-33,99,82
-25,100,81
-26,99,81
-21,104,83
-18,106,88
-15,101,91
-12,106,96
-12,111,103
-12,108,102
-11,108,104
-13,109,108
-15,109,108
-18,110,113
-26,110,115
-52,107,113
-66,106,111
-73,103,110
-76,102,108
-77,99,108
-77,98,108
-61,93,108
-55,93,108
-41,91,108
-34,89,108
-16,89,107
-8,91,107
3,97,113
16,96,111
25,97,111
30,99,112
31,100,114
30,107,118
24,111,119
11,114,123
10,116,126
6,115,129
9,108,132
11,107,137
17,96,141
19,95,143
30,86,145
37,85,144
38,83,140
42,79,136
44,78,130
48,75,126
50,74,125
47,70,128
52,78,111
45,76,113
43,78,112
33,78,116
30,78,118
28,75,120
30,73,118
28,67,116
32,72,114
29,67,113
28,66,111
22,60,111
18,56,111
6,49,109
11,55,103
9,50,109
17,58,97
18,58,110
16,57,85
17,59,72
10,65,75
9,55,73
15,48,66
15,44,61
17,48,45
-1,46,51
-21,42,52
-13,43,58
-13,43,57
-17,45,56
-11,38,42
-22,37,41
-21,37,39
-30,31,34
-29,25,29
-34,22,27
-27,24,24
-36,22,18
-42,17,5
-47,19,21
-58,11,23
-68,4,22
-73,6,35
-74,11,44
-72,11,43
-78,7,28
-77,2,29
-62,-30,11
-92,48,69
-82,42,13
-41,44,20
-88,1,45
-99,-15,14
-92,1,4
-91,0,-4
-92,-10,3
-86,4,0
-83,17,-7
-86,20,4
-98,1,13
-85,8,19
-67,13,11
-68,10,3
-69,17,2
-77,12,-8
-80,10,-12
-85,9,-9
-89,9,-3
-88,9,-2
-87,8,-1
-86,7,0
-79,5,-9
-70,3,-25
-70,4,-28
-82,6,-17
-86,7,-7
-90,7,-5
-93,7,-4
-96,6,-4
-90,7,2
-74,12,6
-77,13,4
-86,11,0
-86,5,0
-88,11,15
-92,14,16
-88,11,14
-78,15,9
-78,21,-15
-79,25,-17
-88,25,-12
-96,23,-4
-104,21,2
-106,22,14
-101,22,15
-101,22,18
-90,13,13
-79,50,-1
-99,10,-13
-165,-32,-7
-83,35,10
-65,21,-23
-78,28,-1
-95,26,-18
-90,31,5
-97,25,-4
-84,28,-6
-86,9,-6
-87,10,5
-84,10,7
-86,10,10
-83,12,11
-88,18,2
-100,8,2
-119,5,-6
-96,7,-5
-101,10,-17
-92,0,-18
-106,-16,-14
-78,-24,26
-105,-9,-10
-108,-14,-22
-85,2,-20
-87,24,0
-74,50,10
-61,43,12
-67,45,32
-74,38,36
-66,43,44
-70,51,43
-68,55,47
-66,57,46
-73,49,45
-76,40,42
-71,38,43
-71,35,42
-69,39,45
-63,40,46
-61,37,48
-68,36,51
-64,38,59
-51,49,59
-47,54,56
-47,55,57
-42,54,59
-39,55,59
-42,55,58
-44,53,57
-45,53,58
-43,52,62
-45,55,60
-43,63,54
-46,49,52
-36,56,54
-41,54,56
-38,50,58
-41,47,58
-40,48,61
-42,44,60
-38,45,62
-37,44,61
-46,62,64
-34,48,63
-29,55,68
-36,55,66
-32,58,60
-42,55,74
-33,53,70
-24,51,65
-26,50,54
-26,50,81
-26,49,78
-29,47,69
-31,47,68
-32,50,65
-32,52,65
-32,52,66
-29,52,67
-29,45,69
-28,46,71
-29,50,68
-40,43,68
-48,59,58
-30,55,58
-34,55,60
-34,54,58
-33,53,59
-38,53,59
-42,52,62
-45,54,59
-47,51,55
-50,54,54
-45,53,54
-44,52,53
-46,51,52
-48,49,49
-53,45,46
-61,46,45
-67,37,52
-73,37,47
-73,51,38
-82,52,41
-87,54,41
-93,45,28
-88,42,23
-80,46,25
-62,40,19
-85,34,30
-82,41,6
-100,23,17
-104,28,20
-99,24,20
-106,20,28
-102,28,18
-88,-16,14
-110,-34,-25
-90,-25,-31
-83,-7,-14
-86,-6,-1
-90,6,1
-95,7,0
-106,7,5
-98,7,3
-91,6,3
-95,9,-5
-83,-1,-5
-86,-6,-5
-89,-16,-6
-113,-19,20
-101,-20,2
-84,-17,-2
-67,-16,-12
-67,-15,-12
-77,-11,-6
-105,-23,-3
-67,-30,6
-70,-33,9
-81,-39,8
-87,-45,8
-71,-34,0
-72,-37,-1
-80,-43,-3
-82,-44,-8
-77,-41,-9
-69,-33,-17
-59,-36,-25
-58,-46,-23
-60,-49,-17
-68,-67,-15
-72,-74,-13
-66,-74,-22
-56,-64,-26
-55,-60,-32
-53,-56,-36
-66,-79,-40
-68,-74,-39
-58,-62,-47
-58,-72,-45
-48,-68,-45
-52,-73,-45
-53,-71,-47
-50,-68,-53
-49,-63,-60
-51,-55,-64
-56,-33,-96
-48,-56,-77
-46,-53,-71
-45,-54,-63
-48,-52,-65
-52,-53,-64
-46,-51,-66
-40,-55,-73
-47,-48,-72
-52,-45,-71
-54,-47,-68
-54,-49,-70
-47,-52,-72
-48,-51,-71
-51,-55,-68
-49,-57,-70
-51,-59,-71
-50,-56,-71
-48,-51,-71
-48,-40,-72
-49,-38,-75
-46,-38,-76
-46,-39,-76
-45,-42,-78
-45,-46,-80
-47,-47,-83
-47,-47,-83
-45,-44,-85
-44,-43,-87
-43,-42,-88
-44,-41,-87
-45,-40,-86
-46,-36,-87
-47,-34,-83
-46,-29,-79
-46,-30,-78
-48,-35,-79
-47,-35,-83
-45,-35,-84
-45,-35,-87
-44,-35,-90
-44,-36,-92
-42,-31,-93
-43,-30,-92
-44,-29,-91
-42,-27,-87
-42,-22,-80
-43,-22,-79
-43,-25,-81
-42,-26,-83
-42,-27,-85
-42,-28,-87
-42,-31,-88
-42,-34,-92
-43,-34,-95
-41,-25,-94
-41,-24,-91
-41,-20,-91
-41,-19,-87
-41,-19,-87
-41,-19,-84
-41,-21,-88
-41,-23,-88
-44,-29,-92
-43,-29,-93
-45,-28,-92
-49,-37,-96
-45,-26,-90
-46,-25,-88
-45,-22,-88
-44,-21,-86
-45,-18,-89
-45,-19,-89
-44,-19,-90
-41,-22,-90
-41,-24,-90
-45,-25,-89
-41,-24,-89
-42,-25,-88
-42,-26,-88
-42,-24,-90
-43,-22,-91
-44,-22,-92
-44,-21,-90
-45,-22,-90
-45,-21,-88
-44,-20,-88
-44,-19,-90
-44,-20,-90
-44,-23,-89
-41,-21,-91
-41,-22,-91
-40,-19,-91
-40,-18,-92
-41,-19,-95
-41,-16,-93
-41,-15,-92
-44,-16,-94
-44,-16,-93
-44,-15,-93
-43,-16,-95
-41,-16,-93
-43,-16,-94
-42,-14,-94
-42,-14,-95
-43,-15,-95
-43,-15,-95
-44,-16,-96
-44,-16,-97
-40,-14,-96
-39,-13,-96
-41,-12,-95
-42,-13,-97
-43,-14,-97
-42,-13,-97
-43,-14,-96
-43,-13,-94
-43,-12,-92
-42,-10,-87
-43,-9,-87
-48,-11,-90
-40,-11,-91
-30,-12,-94
-46,-15,-95
-52,-17,-91
-47,-13,-96
-49,-15,-96
-38,-13,-94
-43,-11,-96
-44,-11,-90
-45,-12,-86
-47,-15,-86
-45,-16,-84
-41,-2,-85
-46,-12,-86
-43,-15,-89
-43,-13,-92
-45,-11,-93
-44,-11,-93
-44,-10,-94
-44,-12,-95
-44,-12,-94
-44,-12,-93
-43,-11,-92
-44,-12,-87
-45,-12,-91
-45,-12,-92
-42,-13,-97
-43,-9,-95
-44,-9,-94
-45,-9,-95
-44,-9,-95
-44,-10,-95
-43,-10,-96
-45,-13,-97
-45,-13,-95
-44,-10,-94
-45,-8,-92
-46,-9,-93
-45,-10,-94
-45,-10,-96
-44,-8,-93
-44,-8,-90
-45,-8,-89
-47,-10,-91
-46,-11,-92
-45,-10,-93
-45,-9,-94
-44,-7,-94
-43,-6,-92
-45,-6,-91
-45,-6,-91
-43,-5,-91
-44,-7,-91
-44,-11,-94