21031,a,0.52,-0.05,0.66
21171,a,0.91,-0.14,-0.75
21468,a,0.73,-0.08,0.63
21687,b,1006.85,,
21796,a,0.9,0.0,0.48
21890,a,0.92,-0.02,0.52
22171,a,1.11,0.18,0.66
22468,a,0.83,-0.14,0.54
22750,a,0.73,-0.59,0.51
22937,a,0.44,-0.52,0.87
23171,a,0.45,-0.58,0.94
23468,a,0.18,-0.74,0.75
23656,a,0.0,-0.47,0.69
23890,a,0.13,-0.19,0.97
24187,b,1006.86,,
24421,a,-0.23,-0.62,0.65
24656,a,-0.11,-0.72,0.41
24890,a,-0.13,-0.47,0.46
25031,a,-0.24,-0.84,0.47
25281,a,-0.22,-0.88,0.33
25328,a,-0.21,-0.89,0.32
25375,a,-0.25,-0.89,0.32
25421,a,-0.22,-0.89,0.31
25468,a,-0.24,-0.88,0.35
25515,a,-0.26,-0.85,0.31
25562,a,-0.28,-0.87,0.38
26421,a,-0.26,-0.87,0.33
27171,a,-0.29,-0.86,0.33
27187,b,1006.82,,
27187,t,25.781,,
27187,l,0.64,,
27187,h,99.99,,
27234,a,-0.29,-0.87,0.32
27281,a,-0.28,-0.87,0.32
27421,a,-0.29,-0.89,0.32
27656,a,-0.29,-0.87,0.32
27890,a,-0.29,-0.88,0.33
28031,a,-0.29,-0.88,0.31
28171,a,-0.34,-0.87,0.31
28281,a,-0.38,-0.89,0.28
28515,a,-0.33,-0.81,0.31
28796,a,-0.43,-0.67,0.59
28890,a,-0.39,-0.52,0.73
29171,a,-0.39,-0.13,0.87
29421,a,-0.35,-0.04,0.88
29562,a,-0.38,-0.03,0.94
29609,a,-0.4,-0.04,0.91
29656,a,-0.43,-0.04,0.87
29687,b,1006.84,,
29703,a,-0.41,-0.04,0.87
29937,a,-0.42,-0.05,0.92
30656,a,-0.42,-0.11,0.88
30687,b,1006.86,,
30703,a,-0.43,-0.11,0.88
30750,a,-0.44,-0.11,0.87
30937,a,-0.45,-0.1,0.88
31171,a,-0.45,-0.1,0.86
31281,a,-0.5,-0.12,0.85
31562,a,-0.55,-0.43,0.6
31796,a,-0.76,-0.54,0.52
32031,a,-0.53,-0.49,0.32
32281,a,-0.99,-0.44,0.12
32562,a,-0.93,-0.22,-0.01
32609,a,-0.95,-0.23,-0.02
32656,a,-0.93,-0.1,-0.28
32703,a,-0.92,-0.18,-0.22
32890,a,-0.93,-0.03,-0.31
32984,a,-0.94,-0.01,-0.33
33031,a,-0.91,0.0,-0.34
33078,a,-0.91,-0.01,-0.35
33171,a,-0.88,0.03,-0.39
33281,a,-0.83,0.08,-0.51
33515,a,-0.93,0.04,-0.26
33843,a,-0.91,-0.23,-0.29
34078,a,-0.91,-0.24,-0.23
34328,a,-0.92,-0.26,-0.25
34562,a,-0.84,-0.26,-0.13
34796,a,-0.81,-0.5,-0.19
34984,a,-0.85,-0.37,-0.28
35031,a,-0.82,-0.38,-0.2
35187,b,1006.74,,
35421,a,-0.73,-0.49,-0.13
35656,a,-0.86,-0.52,-0.25
35796,a,-0.92,-0.38,-0.25
35937,a,-1.05,0.0,0.0
36031,a,-0.98,-0.18,0.23
36171,a,-0.89,-0.26,0.57
36421,a,-0.46,-0.11,0.9
36656,a,-0.55,-0.07,0.96
36796,a,-0.67,0.03,0.82
36890,a,-0.75,0.0,0.72
37031,a,-0.59,0.15,0.93
37328,a,-0.38,-0.18,0.92
37515,a,-0.27,-0.26,0.76
37796,a,-0.27,-0.57,0.76
38031,a,-0.41,-0.32,0.93
38281,a,-0.23,0.05,0.87
38562,a,-0.22,0.14,0.97
38656,a,-0.2,0.18,0.92
38984,a,-0.03,0.13,0.98
39171,a,-0.16,0.28,1.01
39562,a,0.21,0.42,0.78
39703,a,0.25,0.27,0.92
39937,a,0.22,0.32,0.94
40171,a,0.1,0.24,1.05
40421,a,0.1,0.55,0.84
40656,a,-0.02,0.58,0.66
40937,a,0.02,0.62,0.83
40984,a,0.0,0.63,0.83
41234,a,-0.22,0.48,0.93
41468,a,-0.16,0.42,0.89
41687,b,1006.83,,
41937,a,0.07,0.12,1.0
42031,a,0.16,0.08,0.95
42171,a,0.41,-0.07,0.99
42281,a,0.28,-0.19,0.98
42421,a,-0.07,-0.31,1.02
42687,b,1006.8,,
42890,a,0.06,-0.21,1.02
43031,a,-0.16,-0.03,0.89
43171,a,-0.1,0.29,0.73
43281,a,0.16,0.54,0.64
43421,a,-0.05,0.68,0.94
43515,a,-0.2,0.6,0.67
43656,a,-0.25,0.71,0.57
43890,a,0.1,0.74,0.12
44031,a,-0.08,0.88,0.23
44171,a,-0.18,1.06,0.3
44281,a,-0.16,0.96,0.29
44421,a,-0.24,0.93,0.33
44687,b,1006.75,,
44703,a,0.02,0.97,0.69
44750,a,-0.41,0.35,0.78
44796,a,0.0,0.56,0.76
44937,a,0.19,0.95,0.39
45171,a,0.2,0.72,0.39
45281,a,0.56,1.39,-0.1
45421,a,0.42,0.86,-0.26
45562,a,0.41,0.92,-0.11
45687,b,1006.77,,
45937,a,0.26,1.0,0.02
46328,a,0.39,1.02,0.0
46562,a,0.03,1.02,-0.04
46843,a,0.12,0.99,-0.36
47031,a,0.32,0.92,-0.35
47328,a,0.28,0.79,-0.06
47515,a,0.32,0.87,0.39
47609,a,0.44,0.65,0.49
47656,a,0.27,0.69,0.86
47687,b,1006.8,,
47703,a,0.32,0.51,0.71
47750,a,0.21,0.7,0.87
48171,a,0.27,0.4,0.93
48187,b,1006.79,,
48281,a,0.43,0.33,0.85
48421,a,0.27,0.25,1.04
48515,a,0.41,0.38,0.77
48656,a,0.33,0.21,0.77
48796,a,0.4,0.28,0.96
48890,a,0.49,0.44,1.06
49031,a,0.56,0.39,0.72
49281,a,0.79,0.58,0.51
49421,a,0.7,0.62,0.1
49515,a,0.71,0.63,-0.56
49843,a,0.57,0.85,0.0
50078,a,0.54,0.95,0.17
50171,a,0.45,0.77,0.18
50281,a,0.4,0.67,0.9
50328,a,0.61,0.75,0.67
50375,a,0.63,0.54,0.54
50421,a,0.69,0.16,0.62
50468,a,0.88,0.22,0.39
50687,b,1006.76,,
50750,a,0.87,-0.25,0.33
50796,a,0.74,-0.34,0.34
51125,a,0.32,0.94,0.4
51328,a,0.17,0.85,0.12
51562,a,-0.03,0.94,0.9
51796,a,-0.01,0.87,0.69
52031,a,-0.52,0.61,0.51
52125,a,-0.37,0.52,0.6
52171,a,-0.43,0.68,0.7
52187,b,1006.82,,
52187,t,26.218,,
52515,a,-0.19,0.76,0.7
52562,a,0.08,0.89,0.6
53078,a,0.02,0.91,0.63
53328,a,0.14,0.65,0.66
53562,a,0.3,0.58,0.74
53796,a,0.58,0.73,0.48
54031,a,0.6,0.38,0.68
54281,a,0.69,0.31,0.65
54421,a,0.71,0.19,0.82
54562,a,0.51,0.26,0.85
54656,a,-0.14,0.16,1.06
54796,a,-0.11,0.12,0.93
54890,a,-0.22,0.16,1.05
55031,a,-0.45,0.22,0.94
55328,a,-0.25,0.59,1.02
55515,a,-0.2,0.38,0.82
55656,a,0.07,0.31,0.84
55796,a,-0.08,0.33,0.87
55890,a,-0.02,0.37,0.91
56031,a,0.03,0.28,1.03
56328,a,0.1,0.25,0.94
56609,a,0.14,0.13,1.06
56796,a,0.0,-0.02,1.0
57031,a,0.03,0.04,0.89
57281,a,-0.13,0.36,0.98
57421,a,-0.09,0.29,0.95
57687,b,1006.81,,
57890,a,-0.08,0.24,1.14
58031,a,0.14,0.41,0.93
58171,a,0.45,0.59,0.46
58281,a,0.9,0.27,0.01
58421,a,1.0,0.13,-0.06
58515,a,0.99,0.12,-0.1
58656,a,1.02,0.03,-0.1
58796,a,1.04,0.02,-0.08
58890,a,1.04,0.02,-0.04
59187,b,1006.78,,
59421,a,0.35,0.09,0.98
59656,a,0.12,0.13,1.01
59796,a,0.11,0.11,0.99
59890,a,0.12,0.11,0.98
60031,a,0.09,0.1,1.01
60171,a,0.07,0.01,0.93
60421,a,-1.46,-0.45,0.96
60515,a,-0.91,0.2,0.14
60656,a,-1.01,0.19,0.0
60796,a,-0.96,0.18,-0.04
61031,a,-0.95,0.15,-0.12
61281,a,-0.94,0.16,-0.12
61515,a,-0.33,0.17,0.67
61796,a,0.77,0.16,0.74
62031,a,0.23,0.41,0.71
62171,a,0.28,0.48,0.76
62281,a,0.16,0.52,0.86
62421,a,0.17,0.58,0.72
62515,a,0.28,0.68,0.75
62656,a,0.48,0.61,0.78
62796,a,0.25,0.67,0.58
62890,a,0.55,0.94,0.41
63039,a,0.67,0.62,0.0
63281,a,0.43,0.21,-0.96
63562,a,0.58,0.23,-0.82
63796,a,0.5,0.41,-0.73
64031,a,0.62,0.51,-0.54
64171,a,0.87,0.61,-0.42
64281,a,0.91,0.62,-0.32
64421,a,0.61,0.94,-0.2
64687,b,1006.81,,
64984,a,0.55,1.01,0.65
65328,a,0.67,0.87,0.04
65515,a,0.7,0.71,0.19
65796,a,0.71,0.65,0.15
66031,a,0.68,0.71,0.06
67992,a,0.24,0.25,0.82
68085,a,0.23,0.61,0.96
68179,a,0.3,0.38,0.87
68289,a,0.19,0.34,0.97
68382,a,0.25,0.4,0.89
68523,a,0.26,0.2,0.93
68804,a,0.27,0.21,0.89
68898,a,0.19,0.29,1.0
69039,a,0.26,0.29,0.94
69179,a,0.21,0.26,0.9
69289,a,0.23,0.5,1.02
69429,a,0.34,0.18,0.89
69664,a,0.39,0.32,0.88
69804,a,0.35,0.39,0.84
69898,a,0.39,0.38,0.76
70039,a,0.38,0.44,0.92
70179,a,0.4,0.41,0.83
70289,a,0.36,0.42,0.9
70523,a,0.36,0.38,0.87
70945,a,0.38,0.46,0.83
70992,a,0.38,0.47,0.84
71132,a,0.33,0.49,0.64
71289,a,0.44,0.36,0.79
71429,a,0.56,-0.03,0.97
71523,a,0.54,0.06,0.84
71851,a,0.56,-0.21,0.46
72039,a,0.54,0.23,0.91
72335,a,0.7,0.0,1.26
72570,a,0.25,-0.09,1.23
72804,a,0.18,-0.02,0.89
73039,a,0.1,0.02,0.98
73335,a,0.42,0.18,0.97
73617,a,0.34,0.17,0.8
73664,a,0.27,0.2,0.91
73695,b,1006.72,,
73710,a,0.28,0.15,0.99
74132,a,0.21,0.02,0.99
75195,t,26.312,,
75195,l,190.24,,
75195,h,99.99,,
75382,a,0.1,-0.07,0.92
75664,a,-0.02,0.09,0.84
75945,a,0.0,-0.11,0.82
76179,a,0.1,-0.13,0.91
76476,a,0.14,-0.2,1.02
76664,a,0.08,-0.23,1.02
76898,a,0.07,-0.2,1.0
77195,b,1006.78,,
77429,a,0.27,-0.32,1.02
77523,a,0.22,-0.52,0.96
77898,a,0.16,-0.54,0.89
78039,a,0.08,-0.48,0.83
78179,a,-0.04,-0.54,0.92
78476,a,0.11,-0.44,0.87
78664,a,0.08,-0.47,0.87
78695,b,1006.78,,
78710,a,0.35,-0.45,0.73
78757,a,0.04,-0.44,0.82
78804,a,0.08,-0.52,0.86
78851,a,0.1,-0.53,0.82
78898,a,0.0,-0.49,0.93
79132,a,0.07,-0.53,0.78
79179,a,0.14,-0.49,0.83
79382,a,0.11,-0.48,0.85
79570,a,0.1,-0.5,0.84
79804,a,0.13,-0.49,0.86
80039,a,0.08,-0.56,0.82
80343,a,-0.05,-0.57,0.83
80531,a,-0.11,-0.55,0.82
80578,a,-0.17,-0.51,0.79
80625,a,-0.18,-0.52,0.81
80671,a,-0.27,-0.5,0.75
80695,b,1006.8,,
80718,a,-0.19,-0.56,0.82
80765,a,-0.18,-0.46,0.94
81203,b,1006.78,,
81203,t,26.312,,
81203,l,19.28,,
81203,h,99.99,,
81250,a,-0.18,-0.45,0.86
81296,a,-0.18,-0.49,0.86
81484,a,-0.22,-0.43,0.83
81671,a,-0.21,-0.48,0.83
81765,a,-0.26,-0.53,0.78
82046,a,-0.36,-0.39,0.85
82296,a,-0.28,-0.3,0.9
82578,a,-0.33,-0.2,0.86
82671,a,-0.34,-0.15,1.01
82765,a,-0.36,-0.15,0.91
82906,a,-0.17,-0.01,1.12
83140,a,-0.31,0.03,0.95
83390,a,-0.42,0.18,0.87
83531,a,-0.44,0.25,0.94
83812,a,-0.37,0.04,0.77
84046,a,-0.59,0.56,0.61
84140,a,-0.7,0.64,0.51
84437,a,-0.77,0.59,0.47
84484,a,-0.71,0.34,0.51
84531,a,-0.75,0.37,0.41
84578,a,-0.71,0.34,0.41
84625,a,-0.71,0.52,0.47
84671,a,-0.71,0.46,0.46
84703,b,1006.78,,
84906,a,-0.71,0.43,0.46
85437,a,-0.75,0.6,0.31
85703,b,1006.72,,
85812,a,-0.72,0.71,0.07
85859,a,-0.72,0.64,0.06
86484,a,-0.69,0.72,-0.19
86671,a,-0.62,0.59,-0.34
86953,a,-0.59,0.77,-0.32
87187,a,-0.46,0.72,0.26
87437,a,-0.33,-0.15,0.89
87578,a,-0.21,-0.14,1.01
87625,a,-0.21,-0.14,0.97
87671,a,-0.25,-0.21,0.94
88304,a,-0.21,0.03,0.66
88351,a,-0.07,-0.16,0.77
88398,a,-0.04,0.0,0.71
88679,a,0.54,0.58,0.9
88914,a,0.53,0.29,0.78
89148,a,0.54,0.4,0.76
89398,a,0.54,0.28,0.84
89539,a,0.61,0.05,0.77
89585,a,0.63,-0.03,0.65
89632,a,0.75,0.09,0.74
89679,a,0.73,0.19,0.64
90101,a,0.34,0.15,0.67
90148,a,0.46,0.26,0.79
90867,a,0.08,0.84,0.34
90914,a,0.06,0.98,0.2
90960,a,0.04,1.08,0.1
91101,a,0.12,0.85,-0.14
91304,a,0.26,1.14,-0.06
91539,a,0.07,0.89,-0.2
91820,a,0.07,0.88,-0.18
92054,a,0.4,1.06,-0.18
92304,a,0.64,1.0,-0.29
92539,a,0.51,0.85,-0.12
92820,a,0.45,0.81,-0.02
93054,a,0.43,0.88,0.04
93304,a,0.44,0.84,0.08
93539,a,0.46,0.83,0.14
93820,a,0.56,0.9,0.14
94054,a,0.49,0.83,0.12
94296,a,0.57,0.84,0.16
94390,a,0.57,0.8,0.13
94578,a,0.52,0.85,0.16
94671,a,0.49,0.86,0.14
94765,a,0.5,0.87,0.11
94906,a,0.47,0.9,0.06
95046,a,0.36,0.97,0.06
95187,a,0.41,0.94,-0.09
95304,a,0.36,0.91,-0.16
95398,a,0.41,1.02,-0.17
95445,a,0.44,0.99,-0.25
95492,a,0.38,0.81,-0.06
95539,a,0.44,0.86,0.0
95585,a,0.55,0.85,0.05
95632,a,0.55,0.76,0.05
95679,a,0.62,0.76,0.16
95820,a,0.86,0.84,0.08
95914,a,0.83,1.03,0.17
96054,a,0.73,0.64,0.11
96148,a,0.73,0.56,-0.03
96257,a,0.85,0.82,-0.05
96492,a,0.78,0.63,-0.02
96679,a,0.82,0.6,-0.12
96773,a,0.86,0.6,0.0
96914,a,0.89,0.53,-0.18
97007,a,0.83,0.55,-0.14
97304,a,0.76,0.52,-0.33
97539,a,0.86,0.31,-0.41
97679,a,0.75,0.45,-0.87
97820,a,0.57,0.73,-0.67
98148,a,0.72,0.71,-0.91
98304,a,0.99,0.61,-0.82
98398,a,1.08,0.0,-0.64
98679,a,0.78,0.69,-0.54
99007,a,0.69,0.33,-0.59
99195,a,0.72,0.42,-0.62
99398,a,0.62,0.17,-0.65
99632,a,0.65,0.33,-0.69
99773,a,0.74,0.59,-0.42
100101,a,0.63,0.62,-0.44
100304,a,0.71,0.69,-0.38
100585,a,0.53,0.72,-0.51
100773,a,0.68,0.72,-0.54
101054,a,-0.13,0.31,-0.94
101304,a,0.99,0.14,-1.15
101398,a,0.31,0.29,-0.76
101539,a,0.59,0.15,-0.42
101679,a,1.07,0.71,-0.53
101914,a,0.69,-0.16,-0.85
102148,a,1.17,0.19,-0.17
102304,a,0.77,0.02,0.09
102539,a,1.18,-0.17,0.05
102679,a,1.29,0.08,-0.26
102773,a,1.06,-0.14,-0.11
103054,a,0.9,-0.13,-0.03
103148,a,1.04,-0.33,-0.01
103398,a,0.93,-0.03,0.11
103539,a,1.04,-0.02,0.29
103773,a,0.86,0.14,0.43
104054,a,0.58,0.35,0.66
104148,a,0.76,0.43,0.51
104304,a,0.61,0.42,0.76
104585,a,0.34,0.18,0.71
104773,a,0.57,0.27,0.83
104914,a,0.76,0.21,1.24
105210,b,1006.78,,
105398,a,0.53,0.09,0.85
105539,a,0.52,0.12,0.85
105679,a,0.52,0.07,0.84
106054,a,0.53,0.06,0.87
106210,b,1006.75,,
106304,a,0.54,0.04,0.86
106398,a,0.54,0.06,0.85
106710,b,1006.78,,
106914,a,0.53,0.06,0.86
107054,a,0.54,0.06,0.86
107148,a,0.53,0.07,0.86
107304,a,0.54,0.06,0.85
107585,a,0.54,0.05,0.86
107632,a,0.54,0.06,0.86
107679,a,0.54,0.06,0.85
107710,b,1006.78,,
107726,a,0.54,0.06,0.86
107773,a,0.52,0.05,0.86
108210,t,26.343,,
108210,l,176.48,,
108445,a,0.55,0.06,0.85
108679,a,0.53,0.06,0.85
108914,a,0.54,0.05,0.86
109054,a,0.54,0.05,0.86
109304,a,0.53,0.05,0.86
109351,a,0.53,0.05,0.86
109398,a,0.54,0.06,0.86
109632,a,0.54,0.05,0.85
109820,a,0.54,0.06,0.86
109867,a,0.53,0.06,0.86
109914,a,0.54,0.05,0.86
109960,a,0.53,0.05,0.86
110007,a,0.53,0.06,0.86
110054,a,0.54,0.05,0.85
110195,a,0.54,0.06,0.85
110210,b,1006.72,,
110445,a,0.55,0.06,0.84
110679,a,0.53,0.04,0.87
110914,a,0.53,0.05,0.86
111148,a,0.54,0.06,0.86
111257,a,0.53,0.06,0.86
111585,a,0.54,0.04,0.85
111773,a,0.54,0.06,0.86
111914,a,0.54,0.07,0.85
112195,a,0.54,0.06,0.86
112398,a,0.54,0.05,0.85
112632,a,0.54,0.06,0.86
112679,a,0.54,0.05,0.86
112960,a,0.54,0.05,0.86
113148,a,0.53,0.06,0.86
113304,a,0.54,0.06,0.85
113585,a,0.55,0.07,0.85
113773,a,0.54,0.05,0.86
113914,a,0.54,0.06,0.85
114007,a,0.54,0.05,0.85
114210,b,1006.8,,
114257,a,0.54,0.06,0.86
114304,a,0.54,0.06,0.85
114351,a,0.54,0.06,0.85
114398,a,0.54,0.06,0.85
114445,a,0.54,0.06,0.85
114539,a,0.54,0.06,0.86
114773,a,0.54,0.06,0.85
114914,a,0.54,0.05,0.85
115054,a,0.54,0.06,0.85
115101,a,0.54,0.06,0.86
115351,a,0.54,0.06,0.85
115539,a,0.54,0.06,0.85
115820,a,0.54,0.06,0.85
115914,a,0.54,0.06,0.86
115960,a,0.54,0.06,0.85
116007,a,0.54,0.06,0.86
116054,a,0.54,0.06,0.86
116101,a,0.54,0.06,0.85
116148,a,0.54,0.06,0.86
117773,a,0.54,0.06,0.85
117820,a,0.55,0.05,0.85
117867,a,0.55,0.05,0.84
117914,a,0.53,0.1,0.86
117960,a,0.54,0.05,0.86
118054,a,0.53,0.07,0.86
118257,a,0.55,0.04,0.85
118585,a,0.52,0.06,0.85
118773,a,0.54,0.06,0.85
119007,a,0.55,0.06,0.85
119148,a,0.54,0.05,0.85
119445,a,0.54,0.06,0.86
119632,a,0.54,0.06,0.85
119820,a,0.55,0.06,0.85
119914,a,0.54,0.06,0.86
120195,a,0.54,0.07,0.85
120398,a,0.54,0.06,0.86
120539,a,0.54,0.07,0.85
120867,a,0.54,0.06,0.84
121007,a,0.55,0.06,0.85
121148,a,0.55,0.06,0.84
121445,a,0.55,0.04,0.85
121632,a,0.54,0.07,0.84
121773,a,0.55,0.05,0.84
121914,a,0.55,0.07,0.84
122195,a,0.55,0.06,0.84
122304,a,0.56,0.07,0.85
122351,a,0.55,0.07,0.85
122398,a,0.56,0.05,0.85
122445,a,0.56,0.05,0.85
122492,a,0.56,0.06,0.83
122710,b,1006.72,,
122914,a,0.56,0.06,0.84
123195,a,0.55,0.05,0.85
123445,a,0.56,0.06,0.84
123632,a,0.56,0.05,0.84
123914,a,0.56,0.06,0.85
124148,a,0.54,0.06,0.86
124257,a,0.53,0.04,0.85
124585,a,0.55,0.07,0.86
124773,a,0.55,0.05,0.84
124914,a,0.55,0.05,0.85
125007,a,0.55,0.05,0.85
125304,a,0.56,0.05,0.85
125539,a,0.55,0.04,0.85
125679,a,0.55,0.05,0.84
125960,a,0.55,0.06,0.84
126007,a,0.55,0.06,0.86
126054,a,0.55,0.05,0.84
126101,a,0.54,0.07,0.86
126148,a,0.55,0.06,0.85
126195,a,0.55,0.06,0.85
126257,a,0.56,0.05,0.85
126539,a,0.55,0.05,0.85
127007,a,0.55,0.04,0.84
127257,a,0.59,0.06,0.83
127398,a,0.54,0.07,0.85
127679,a,0.57,0.06,0.87
127914,a,0.56,0.04,0.85
127960,a,0.56,0.05,0.86
128007,a,0.54,0.05,0.85
128054,a,0.55,0.05,0.87
128101,a,0.54,0.06,0.84
128148,a,0.55,0.06,0.85
128257,a,0.55,0.05,0.84
128539,a,0.56,0.05,0.85
128820,a,0.56,0.06,0.84
129007,a,0.54,0.05,0.84
129148,a,0.55,0.05,0.85
129445,a,0.55,0.05,0.84
131492,a,0.48,0.09,0.86
131585,a,0.6,0.0,0.84
131867,a,0.49,0.04,0.88
132054,a,0.58,0.06,0.83
132257,a,0.54,0.03,0.85
132445,a,0.56,0.03,0.85
132710,b,1006.72,,
132914,a,0.55,0.05,0.85
133101,a,0.55,0.04,0.85
133351,a,0.55,0.04,0.85
133539,a,0.55,0.02,0.86
133679,a,0.55,0.03,0.85
133710,b,1006.69,,
133773,a,0.55,0.04,0.86
133820,a,0.55,0.04,0.85
133867,a,0.55,0.04,0.85
133914,a,0.55,0.05,0.84
133960,a,0.55,0.05,0.84
134148,a,0.55,0.05,0.85
134773,a,0.55,0.04,0.84
134820,a,0.55,0.04,0.85
134914,a,0.55,0.03,0.85
135054,a,0.56,0.04,0.84
135304,a,0.55,0.05,0.84
135539,a,0.56,0.04,0.85
135632,a,0.55,0.06,0.86
135960,a,0.54,0.03,0.86
136148,a,0.53,0.06,0.86
136304,a,0.55,0.03,0.84
136585,a,0.55,0.04,0.85
136773,a,0.55,0.04,0.84
136914,a,0.55,0.04,0.85
137195,a,0.55,0.03,0.85
137398,a,0.55,0.04,0.85
137539,a,0.55,0.03,0.84
137820,a,0.55,0.04,0.84
138054,a,0.55,0.03,0.84
138148,a,0.55,0.04,0.85
138195,a,0.55,0.04,0.85
138210,b,1006.77,,
138210,t,26.375,,
138210,l,170.8,,
138257,a,0.55,0.04,0.85
138304,a,0.55,0.03,0.85
138632,a,0.55,0.03,0.85
138679,a,0.55,0.04,0.84
138710,b,1006.72,,
138726,a,0.55,0.04,0.85
138773,a,0.55,0.03,0.85
138820,a,0.55,0.03,0.85
139101,a,0.55,0.03,0.85
139148,a,0.55,0.04,0.84
139304,a,0.55,0.03,0.85
139539,a,0.55,0.03,0.85
139679,a,0.55,0.04,0.84
139960,a,0.55,0.04,0.85
140148,a,0.55,0.04,0.85
140351,a,0.55,0.03,0.85
140585,a,0.55,0.03,0.85
140773,a,0.55,0.03,0.84
140914,a,0.55,0.04,0.85
141195,a,0.55,0.04,0.85
141398,a,0.55,0.04,0.85
141539,a,0.55,0.03,0.85
141820,a,0.55,0.04,0.85
142101,a,0.55,0.04,0.85
142148,a,0.55,0.04,0.85
142445,a,0.55,0.04,0.85
142679,a,0.55,0.03,0.85
142773,a,0.55,0.04,0.85
143101,a,0.55,0.04,0.85
143304,a,0.55,0.04,0.85
143398,a,0.54,0.03,0.85
143539,a,0.55,0.03,0.85
143585,a,0.56,0.03,0.85
143632,a,0.55,0.03,0.85
143679,a,0.55,0.03,0.86
143710,b,1006.77,,
143726,a,0.55,0.03,0.85
144210,b,1006.69,,
144210,t,26.406,,
144304,a,0.55,0.04,0.85
144539,a,0.55,0.04,0.85
144820,a,0.55,0.03,0.85
145054,a,0.55,0.04,0.85
145148,a,0.55,0.04,0.85
145304,a,0.55,0.03,0.85
145351,a,0.55,0.03,0.85
145398,a,0.55,0.03,0.85
145445,a,0.55,0.04,0.85
145492,a,0.55,0.03,0.85
145539,a,0.55,0.03,0.85
145585,a,0.56,0.04,0.85
145679,a,0.55,0.04,0.85
145960,a,0.55,0.04,0.86
146148,a,0.55,0.03,0.85
146257,a,0.55,0.04,0.86
146445,a,0.55,0.04,0.85
146679,a,0.55,0.04,0.84
146914,a,0.55,0.04,0.85
147007,a,0.55,0.04,0.85
147304,a,0.55,0.03,0.86
147351,a,0.55,0.03,0.85
147398,a,0.54,0.04,0.85
147445,a,0.55,0.04,0.85
147492,a,0.55,0.04,0.85
147539,a,0.55,0.03,0.85
147679,a,0.55,0.04,0.84
148054,a,0.55,0.04,0.85
148148,a,0.54,0.04,0.86
148257,a,0.55,0.04,0.85
148304,a,0.55,0.04,0.85
148351,a,0.55,0.03,0.85
148398,a,0.55,0.03,0.85
148445,a,0.55,0.04,0.85
148492,a,0.55,0.03,0.85
148679,a,0.55,0.03,0.85
148960,a,0.55,0.04,0.85
149148,a,0.55,0.03,0.85
149304,a,0.55,0.03,0.85
149445,a,0.55,0.04,0.85
149492,a,0.55,0.03,0.85
149539,a,0.55,0.04,0.84
149585,a,0.55,0.03,0.85
149632,a,0.55,0.03,0.86
149679,a,0.54,0.03,0.85
150007,a,0.55,0.03,0.85
150054,a,0.54,0.03,0.85
150195,a,0.54,0.04,0.85
150351,a,0.55,0.04,0.85
150398,a,0.55,0.03,0.85
150445,a,0.55,0.03,0.84
150492,a,0.55,0.03,0.85
150539,a,0.55,0.04,0.85
150820,a,0.55,0.05,0.84
150960,a,0.55,0.03,0.85
151007,a,0.54,0.04,0.86
151304,a,0.55,0.02,0.84
151539,a,0.54,0.03,0.84
151773,a,0.54,0.02,0.84
151914,a,0.54,0.05,0.85
152195,a,0.55,0.04,0.85
152398,a,0.55,0.03,0.84
154492,a,0.55,0.04,0.84
154585,a,0.56,0.03,0.84
154632,a,0.55,0.04,0.85
154960,a,0.54,0.05,0.85
155148,a,0.56,0.05,0.84
155304,a,0.54,0.04,0.86
155585,a,0.55,0.04,0.84
155867,a,0.55,0.04,0.85
156007,a,0.55,0.04,0.84
156304,a,0.55,0.04,0.85
156398,a,0.55,0.04,0.85
156539,a,0.55,0.04,0.85
156820,a,0.56,0.03,0.85
157007,a,0.55,0.03,0.85
157148,a,0.55,0.05,0.84
157351,a,0.55,0.05,0.84
157398,a,0.55,0.04,0.84
157445,a,0.55,0.04,0.85
157492,a,0.55,0.03,0.85
157726,a,0.55,0.05,0.84
157914,a,0.54,0.04,0.86
158195,a,0.55,0.04,0.85
158351,a,0.55,0.05,0.85
158539,a,0.55,0.04,0.85
158820,a,0.54,0.05,0.85
159101,a,0.55,0.04,0.86
159304,a,0.54,0.04,0.85
159539,a,0.55,0.04,0.85
159773,a,0.56,0.05,0.86
159914,a,0.54,0.05,0.86
160195,a,0.61,0.03,0.83
160398,a,0.57,0.04,0.85
160539,a,0.59,0.04,0.81
160820,a,0.59,0.05,0.82
161007,a,0.61,0.07,0.82
161304,a,0.63,0.11,0.8
161539,a,0.58,0.15,0.83
161773,a,0.53,0.05,0.81
162054,a,0.65,0.1,0.85
162304,a,0.93,0.25,0.85
162585,a,0.75,0.03,0.35
162679,a,0.92,0.05,0.15
162820,a,0.9,0.01,0.16
162914,a,0.87,0.04,0.21
163054,a,0.9,-0.02,0.3
163304,a,1.34,0.06,0.32
163632,a,0.89,0.06,-0.01
163773,a,0.75,0.12,0.04
164054,a,1.2,0.23,0.35
164304,a,0.77,0.31,0.23
164632,a,1.02,0.39,0.11
164820,a,0.77,0.34,0.1
165054,a,0.98,0.33,0.03
165304,a,1.03,0.15,0.09
165539,a,0.96,0.24,0.1
165773,a,1.09,0.1,-0.12
166054,a,1.11,0.1,-0.1
166398,a,1.27,0.04,-0.04
166679,a,0.85,0.15,0.12
166914,a,1.05,0.21,0.19
167148,a,1.26,0.24,-0.07
167398,a,0.84,0.2,-0.1
167539,a,0.66,0.24,0.0
167585,a,0.69,0.24,0.0
167632,a,0.9,0.17,0.09
167679,a,1.16,0.13,0.09
167710,b,1006.71,,
167726,a,1.42,0.25,0.27
167773,a,1.34,0.04,0.35
167820,a,1.2,-0.07,0.15
167914,a,1.07,-0.01,-0.21
168195,a,0.98,0.16,0.24
168398,a,1.42,0.22,0.15
168679,a,0.89,0.18,-0.12
168914,a,1.01,0.08,-0.04
169148,a,1.1,-0.01,0.2
169398,a,0.91,0.27,0.2
169539,a,1.23,0.18,0.16
169679,a,1.17,0.17,0.04
169773,a,1.21,0.15,0.0
170054,a,0.67,0.11,0.03
170398,a,1.42,0.29,0.03
170539,a,0.88,-0.13,-0.47
170820,a,1.03,0.02,0.06
171054,a,1.5,0.05,0.09
171257,a,1.28,0.15,0.04
171539,a,0.67,0.1,0.11
171632,a,0.63,0.11,0.14
171726,a,0.95,0.09,0.0
171773,a,1.31,0.06,-0.1
171820,a,1.53,0.14,0.03
171867,a,1.41,0.19,0.13
171914,a,1.35,0.12,0.09
171960,a,1.23,0.1,-0.18
172398,a,1.32,0.13,0.0
172445,a,1.53,0.14,-0.04
172539,a,1.22,0.31,-0.05
172632,a,1.24,0.14,-0.08
172773,a,0.94,0.11,-0.12
172914,a,0.77,0.17,-0.01
173148,a,1.1,0.19,0.22
173398,a,0.93,0.1,0.02
173492,a,0.96,0.25,0.19
173539,a,0.92,0.2,0.14
173585,a,1.03,0.11,0.08
173632,a,1.11,0.07,0.0
173679,a,1.17,0.09,-0.11
173710,b,1006.68,,
174914,a,1.09,0.08,0.01
174960,a,1.29,0.11,-0.17
175007,a,1.57,0.21,-0.02
175054,a,1.26,0.33,0.08
175101,a,1.11,0.23,-0.06
175148,a,1.23,0.18,-0.13
175257,a,0.95,0.07,-0.08
175539,a,0.98,0.2,-0.04
175773,a,0.96,0.23,0.15
175914,a,0.84,0.31,0.35
176195,a,1.03,0.26,0.11
176398,a,0.96,0.39,0.11
176539,a,0.83,0.28,0.04
176820,a,1.01,0.17,0.0
177007,a,0.99,0.15,0.15
177148,a,0.96,0.11,-0.09
177445,a,1.02,0.09,0.03
177679,a,1.04,0.39,0.15
177773,a,1.16,0.31,-0.03
178054,a,0.8,0.17,-0.06
178304,a,1.16,0.21,0.07
178585,a,0.87,0.21,0.1
178773,a,1.02,0.14,0.18
178914,a,1.61,0.12,-0.12
179054,a,1.05,0.24,0.04
179257,a,0.87,0.13,-0.11
179398,a,0.76,0.15,-0.1
179539,a,1.32,0.17,0.02
179585,a,1.25,0.2,0.18
179632,a,1.16,0.19,0.35
179773,a,0.97,-0.07,-0.16
180054,a,0.97,0.14,0.05
180257,a,1.14,0.3,0.14
180585,a,0.87,0.17,-0.14
180820,a,1.22,0.07,0.02
181054,a,0.89,0.01,0.01
181304,a,1.04,0.12,0.11
181539,a,1.32,0.48,-0.08
181679,a,0.92,0.18,-0.29
181914,a,0.75,0.56,-0.35
182148,a,0.88,0.46,-0.55
182398,a,0.87,0.22,-0.38
182632,a,0.71,0.56,-0.43
182914,a,0.98,0.22,-0.48
183148,a,0.51,0.26,-0.59
183398,a,0.87,0.54,-0.43
183539,a,0.94,0.64,-0.26
183679,a,0.89,0.33,-0.17
183867,a,0.59,0.51,-0.15
184054,a,1.06,0.6,-0.07
184304,a,0.97,0.46,-0.11
184398,a,0.93,0.31,-0.19
184539,a,0.98,0.29,-0.03
184679,a,1.2,0.19,0.03
184773,a,1.09,-0.07,0.15
184914,a,0.97,0.01,0.31
185148,a,0.88,0.36,0.38
185257,a,1.0,0.41,0.41
185539,a,1.09,-0.04,0.11
185585,a,1.08,0.14,0.06
185632,a,1.0,0.06,0.12
185679,a,0.94,0.13,0.12
185710,b,1006.7,,
185726,a,0.88,0.16,0.15
186218,l,74.4,,
186218,h,58.34,,
186304,a,0.85,0.21,0.23
186351,a,0.87,0.23,0.25
186398,a,0.93,0.2,0.24
186539,a,0.98,0.19,0.32
186820,a,1.06,0.18,0.15
187007,a,0.9,0.16,0.03
187304,a,1.22,0.04,0.15
187632,a,0.81,0.01,0.24
187773,a,0.9,0.24,0.34
188101,a,1.03,0.26,0.23
188257,a,0.89,0.13,0.07
188539,a,1.13,0.09,0.19
188773,a,0.89,0.05,0.22
188914,a,0.9,0.18,0.22
189007,a,0.93,0.23,0.26
189054,a,0.89,0.14,0.27
189101,a,0.91,0.16,0.25
189148,a,1.05,0.19,0.26
189195,a,1.18,0.15,0.23
189210,b,1006.69,,
189218,t,26.593,,
189304,a,1.09,0.22,0.22
189539,a,0.92,0.16,0.05
189679,a,0.86,0.07,0.0
189960,a,1.01,0.06,0.14
190218,t,26.625,,
190398,a,1.08,0.23,0.07
190679,a,1.2,0.09,-0.19
190914,a,0.82,0.06,-0.1
191492,a,0.96,0.22,0.2
191679,a,1.17,0.08,-0.05
191914,a,1.24,0.23,-0.1
192148,a,0.89,0.14,-0.03
192257,a,0.82,0.09,-0.03
192398,a,1.25,0.12,0.02
192585,a,1.05,0.05,0.02
192820,a,0.98,0.19,0.13
193007,a,1.38,0.23,0.0
193148,a,1.14,0.11,-0.08
193398,a,1.0,0.22,-0.03
193632,a,1.04,0.13,0.03
193914,a,1.0,0.0,-0.04
194007,a,1.02,0.17,0.1
194148,a,0.97,0.34,0.13
194257,a,1.15,0.28,-0.08
194304,a,1.36,0.28,-0.12
194351,a,1.28,0.39,0.04
194398,a,1.06,0.39,0.0
194445,a,1.22,0.33,-0.04
194492,a,1.35,0.22,-0.11
194539,a,1.29,0.06,-0.12
194710,b,1006.76,,
194773,a,0.79,0.08,0.01
195101,a,1.23,0.08,0.01
195257,a,0.96,0.21,-0.01
195539,a,1.19,0.2,-0.04
195773,a,1.32,0.21,-0.11
195914,a,0.95,0.07,-0.15
196007,a,0.77,0.12,-0.1
196148,a,0.98,0.12,-0.12
196445,a,1.06,0.02,-0.04
196632,a,1.03,0.32,0.13
196773,a,1.67,0.19,-0.03
196914,a,1.22,0.14,-0.14
197007,a,0.92,0.04,-0.2
197148,a,0.91,0.22,-0.1
197445,a,1.15,0.02,-0.02
197492,a,1.17,0.03,0.0
197539,a,1.12,0.07,0.05
197585,a,1.02,0.1,0.16
197632,a,0.95,0.07,0.12
197679,a,0.87,0.1,0.1
197867,a,1.11,0.25,0.01
198054,a,1.39,0.27,-0.23
198445,a,0.71,0.13,-0.11
198539,a,0.92,0.16,-0.08
198679,a,1.46,0.18,0.0
198710,b,1006.76,,
198726,a,1.29,0.13,0.02
198773,a,1.23,0.05,-0.04
198820,a,1.14,0.04,-0.02
198867,a,1.0,0.06,0.0
199218,l,176.8,,
199218,h,66.59,,
199445,a,1.29,0.12,-0.2
199632,a,0.85,0.11,-0.11
199914,a,1.29,0.04,-0.02
200148,a,0.88,0.06,0.17
200398,a,1.14,0.28,0.12
200585,a,1.33,0.32,-0.01
200820,a,0.83,0.13,-0.07
201054,a,1.24,0.15,-0.06
201148,a,1.27,0.07,0.02
201257,a,1.03,0.0,0.08
201585,a,1.28,0.3,0.05
201867,a,1.1,0.09,-0.15
202007,a,0.71,0.14,-0.15
202304,a,1.35,-0.01,0.1
202539,a,0.83,0.06,0.03
202820,a,1.15,0.17,0.0
203007,a,1.32,0.13,-0.19
203148,a,0.68,0.14,-0.06
203257,a,0.84,0.28,-0.09
203539,a,1.27,0.1,0.01
203773,a,0.85,0.01,0.07
203820,a,0.72,0.04,0.05
203867,a,0.73,0.17,0.01
203914,a,0.72,0.15,0.0
203960,a,0.8,0.18,-0.04
204007,a,0.88,0.24,0.04
204304,a,1.58,0.22,0.23
204398,a,1.39,0.13,-0.44
204679,a,0.84,0.14,-0.11
204914,a,1.23,0.06,-0.16
205007,a,1.75,0.2,0.11
205148,a,1.1,-0.02,-0.05
205257,a,0.87,0.17,0.14
205398,a,0.81,0.24,0.02
205445,a,0.71,0.32,0.16
205492,a,0.99,0.34,0.21
205539,a,1.68,0.34,0.09
205585,a,1.52,0.2,-0.11
205632,a,1.29,0.14,-0.32
205679,a,1.32,-0.01,-0.17
205773,a,1.04,0.01,-0.14
205867,a,1.08,0.13,-0.11
205914,a,1.11,0.21,0.0
206210,b,1006.56,,
206257,a,1.06,0.01,0.05
206539,a,1.29,0.21,0.15
206773,a,1.23,0.18,-0.14
206914,a,0.9,0.1,-0.05
206960,a,0.84,0.18,-0.05
207007,a,0.91,0.18,-0.18
207054,a,0.94,0.15,-0.17
207148,a,0.96,0.15,-0.06
207398,a,1.06,0.04,0.0
207679,a,1.11,0.2,0.0
207773,a,1.16,0.25,0.13
208054,a,1.22,0.14,-0.24
208257,a,0.9,0.13,-0.1
208398,a,1.04,0.17,0.05
208539,a,1.23,0.09,0.05
208820,a,0.88,0.15,0.08
209007,a,1.12,0.22,0.01
209148,a,1.34,0.2,-0.1
209445,a,0.86,0.17,-0.15
209492,a,0.88,0.16,-0.21
209539,a,0.88,0.17,-0.07
209585,a,0.95,0.22,-0.07
209632,a,1.1,0.2,-0.01
209679,a,1.2,0.18,0.0
210226,l,161.6,,
211226,t,26.968,,
211226,l,172.88,,
211226,h,69.54,,
211257,a,0.81,0.1,0.09
211304,a,0.76,0.13,0.05
211351,a,0.81,0.18,0.07
211398,a,0.97,0.2,0.01
211679,a,1.52,0.2,-0.13
211914,a,0.89,0.12,-0.15
212148,a,0.78,0.18,-0.06
212445,a,1.2,0.07,0.06
212632,a,0.89,0.22,-0.01
212914,a,1.14,0.13,-0.08
213007,a,1.43,0.27,-0.09
213257,a,1.06,0.04,-0.11
213539,a,0.86,0.1,-0.08
213773,a,1.21,0.1,0.0
213914,a,1.03,0.12,-0.02
214054,a,1.0,0.2,0.09
214148,a,1.02,0.17,0.1
214265,a,1.31,0.2,-0.09
214398,a,1.22,0.26,-0.09
214539,a,1.11,0.16,-0.14
214632,a,0.93,0.12,-0.07
214773,a,0.85,0.11,0.0
214914,a,1.15,0.04,-0.05
215007,a,1.08,0.23,0.13
215148,a,1.03,0.01,-0.08
215257,a,1.04,0.22,0.04
215398,a,0.96,0.18,0.1
215539,a,1.12,0.16,-0.05
215632,a,1.18,0.32,0.04
215914,a,1.04,0.07,-0.1
216007,a,0.86,0.14,0.0
216304,a,1.2,0.23,0.13
216632,a,0.93,0.28,0.06
216773,a,1.04,0.12,0.05
217054,a,1.22,0.23,-0.06
217304,a,0.95,0.12,-0.07
217539,a,1.12,0.11,0.0
217773,a,0.89,0.11,0.01
218054,a,1.16,0.07,0.08
218257,a,1.2,0.2,-0.08
218539,a,0.94,0.11,-0.15
218820,a,1.15,0.18,0.14
219007,a,0.9,0.09,0.0
219304,a,1.12,0.13,0.02
219585,a,1.16,0.17,-0.15
219773,a,0.88,0.12,-0.08
220054,a,1.24,0.45,-0.03
220257,a,0.81,0.01,-0.04
220539,a,1.23,0.11,-0.03
220632,a,1.58,0.17,-0.13
220773,a,1.22,0.31,-0.07
221007,a,0.85,0.1,-0.16
221257,a,1.14,0.22,0.05
221398,a,1.11,0.0,-0.01
221710,b,1006.27,,
221914,a,1.15,0.2,-0.06
222007,a,0.93,0.17,-0.2
222304,a,1.03,0.11,-0.1
222539,a,1.04,-0.2,-0.12
222679,a,0.83,0.18,-0.16
222773,a,0.9,0.31,0.09
222914,a,1.08,0.16,-0.06
223007,a,1.45,0.18,0.09
223148,a,1.42,0.17,-0.05
223257,a,1.08,0.05,-0.1
223398,a,0.77,0.01,-0.08
223539,a,0.87,0.18,0.0
223773,a,1.17,-0.09,-0.12
224101,a,0.97,0.2,0.0
224304,a,1.1,0.02,-0.02
224539,a,0.91,0.04,-0.1
224773,a,0.93,0.16,-0.05
224914,a,1.24,0.13,0.04
225148,a,0.89,0.09,0.03
225257,a,0.89,0.04,0.0
225585,a,0.94,0.08,-0.02
225867,a,0.83,0.04,-0.26
226054,a,1.27,0.04,-0.35
226257,a,0.94,-0.11,-0.35
226539,a,0.92,0.01,-0.18
226679,a,1.02,0.01,-0.27
226914,a,1.13,-0.03,-0.21
227148,a,0.84,0.02,-0.28
227445,a,1.2,0.01,-0.12
227679,a,0.81,-0.06,-0.07
227773,a,0.92,0.07,-0.01
227914,a,0.91,0.0,-0.04
228148,a,0.98,0.09,-0.09
228398,a,0.84,0.13,-0.08
228585,a,1.07,0.17,-0.16
228679,a,1.25,0.0,-0.24
228773,a,1.08,0.06,0.03
229007,a,0.88,0.08,0.0
229195,a,0.96,0.03,-0.05
229398,a,1.29,0.07,-0.3
229632,a,0.89,0.04,-0.16
229773,a,0.89,0.18,-0.07
230007,a,1.26,-0.01,-0.25
230257,a,0.84,0.03,-0.01
230398,a,0.93,0.12,-0.03
230539,a,1.01,0.07,-0.02
230585,a,1.17,0.0,-0.18
230632,a,1.42,0.11,-0.11
230679,a,1.44,0.14,-0.2
230710,b,1006.31,,
230726,a,1.02,0.14,-0.04
231867,a,1.29,0.21,-0.17
231914,a,1.51,0.17,-0.16
231960,a,1.27,0.27,-0.05
232007,a,1.17,0.29,-0.1
232054,a,1.27,0.33,-0.09
232101,a,1.27,0.25,-0.15
232148,a,1.19,0.09,-0.19
232195,a,1.06,-0.01,-0.23
232210,b,1006.33,,
232226,t,27.281,,
232226,l,51.84,,
232679,a,1.2,0.09,0.04
232914,a,0.92,0.35,0.12
233148,a,1.17,0.13,-0.11
233445,a,1.16,-0.03,-0.17
233632,a,0.75,0.15,-0.09
233773,a,0.92,0.05,-0.15
234054,a,1.05,0.02,-0.08
234257,a,0.96,0.21,0.04
234398,a,1.27,0.17,-0.16
234539,a,1.12,0.3,-0.09
234773,a,1.06,0.04,-0.24
234914,a,0.77,0.12,-0.11
235007,a,0.95,0.07,-0.05
235257,a,1.14,0.03,-0.11
235539,a,0.92,0.19,0.13
235773,a,1.11,0.42,0.11
235914,a,1.28,0.16,-0.24
236007,a,1.13,0.03,-0.14
236148,a,0.85,0.11,-0.11
236398,a,1.14,0.24,0.13
236632,a,1.05,0.26,0.01
236773,a,0.95,0.15,0.11
237195,a,1.12,0.07,-0.21
237257,a,0.99,0.07,-0.17
237398,a,0.82,0.16,-0.2
237539,a,1.14,0.12,-0.02
237632,a,1.06,0.13,0.15
237773,a,0.98,-0.01,-0.04
237914,a,0.98,0.21,0.05
238007,a,1.04,0.22,0.13
238148,a,1.22,0.1,-0.14
238539,a,1.03,0.01,-0.07
238632,a,0.83,0.11,-0.12
238914,a,1.09,0.14,0.08
239148,a,1.07,0.17,0.01
239257,a,1.03,0.25,0.11
239398,a,1.51,0.2,-0.07
239679,a,1.03,0.03,-0.12
239914,a,0.86,0.13,0.04
240148,a,1.25,0.19,0.07
240257,a,0.99,0.07,0.0
240585,a,1.34,0.17,-0.15
240820,a,1.29,0.21,-0.22
241054,a,0.77,0.19,-0.05
241304,a,1.04,0.17,0.09
241398,a,1.3,0.07,-0.04
241539,a,0.98,0.11,-0.04
241632,a,1.06,0.26,0.1
241773,a,1.15,0.14,0.04
242007,a,1.27,0.3,-0.07
242304,a,0.77,0.19,-0.07
242539,a,1.19,0.2,0.12
242773,a,0.96,0.16,0.02
242914,a,0.99,0.25,0.1
243007,a,1.17,0.18,0.07
243148,a,1.31,0.25,-0.05
243445,a,0.89,0.12,-0.08
243632,a,0.85,0.15,0.01
243914,a,1.15,0.08,0.02
244007,a,0.97,0.13,0.0
244304,a,1.26,0.2,-0.13
244632,a,0.96,0.1,-0.17
244914,a,1.11,0.06,-0.04
245195,a,0.93,0.12,0.01
245398,a,1.05,0.19,0.07
245679,a,1.29,0.31,-0.11
245820,a,1.06,0.03,-0.17
245867,a,1.01,0.06,-0.18
245914,a,0.95,0.1,-0.13
245960,a,0.87,0.1,-0.11
246007,a,0.86,0.12,-0.04
246054,a,0.89,0.12,0.01
246710,b,1006.28,,
246914,a,1.36,0.27,-0.13
247195,a,0.74,0.13,-0.1
247445,a,1.14,0.22,0.17
249867,a,1.09,0.12,-0.15
249914,a,1.25,0.17,-0.11
250054,a,1.17,0.02,-0.09
250304,a,0.94,0.26,0.07
250632,a,1.11,0.32,-0.09
250679,a,1.18,0.32,-0.09
250773,a,1.05,0.09,-0.13
251007,a,0.81,0.11,-0.12
251304,a,1.09,0.01,-0.07
251398,a,0.84,0.11,-0.01
251679,a,1.36,0.15,-0.14
251914,a,1.05,0.31,-0.01
252148,a,0.94,0.08,-0.1
252398,a,1.19,0.16,-0.01
252539,a,1.0,0.08,-0.13
252632,a,0.88,0.25,0.02
252914,a,1.31,0.16,-0.1
253007,a,1.15,0.31,0.08
253304,a,0.95,0.05,-0.15
253585,a,1.29,0.08,-0.1
253773,a,0.93,0.14,-0.11
253914,a,0.95,0.26,-0.03
254054,a,1.11,0.25,0.0
254101,a,1.18,0.2,-0.08
254148,a,1.33,0.17,-0.1
254195,a,1.29,0.29,0.05
254304,a,1.17,0.21,-0.02
254351,a,1.15,0.12,-0.08
254398,a,1.08,0.06,-0.08
254445,a,0.96,0.08,-0.17
255007,a,0.85,0.12,-0.04
255054,a,0.83,0.21,0.0
255195,a,0.96,0.17,0.05
255492,a,1.07,0.24,-0.08
255679,a,0.95,0.03,-0.12
255914,a,1.02,0.02,-0.14
256148,a,1.1,-0.02,-0.18
256398,a,0.95,0.2,0.1
256632,a,1.48,0.26,-0.18
256914,a,0.9,0.11,-0.17
257148,a,1.0,0.03,-0.2
257257,a,1.05,0.27,0.07
257351,a,1.22,0.03,-0.09
257398,a,1.17,-0.02,-0.16
257445,a,1.0,0.04,-0.01
257492,a,0.83,0.12,0.05
257539,a,0.85,0.22,0.11
257585,a,0.91,0.25,0.13
257960,a,1.01,0.27,-0.21
258054,a,0.96,0.37,-0.23
258148,a,0.93,0.31,-0.13
258257,a,0.84,0.17,-0.11
258539,a,1.16,0.32,0.15
258632,a,0.99,-0.04,-0.2
258679,a,0.95,0.05,-0.1
258710,b,1006.37,,
258726,a,0.89,0.21,0.0
258773,a,0.87,0.29,0.0
258820,a,0.92,0.3,0.03
258867,a,0.94,0.22,0.05
259398,a,1.0,0.1,-0.16
259539,a,0.84,0.08,-0.04
259820,a,1.24,0.06,-0.12
260007,a,1.0,0.23,0.08
260257,a,1.45,0.15,-0.2
260585,a,0.94,0.16,-0.28
260773,a,0.96,0.13,-0.03
261054,a,1.01,-0.01,-0.23
261148,a,0.87,0.02,-0.08
261195,a,0.86,0.1,-0.02
261210,b,1006.31,,
261398,a,0.96,0.0,-0.06
261679,a,0.99,0.15,-0.05
261914,a,1.0,0.12,-0.2
262148,a,1.12,0.02,-0.13
262257,a,1.08,0.19,0.03
262398,a,0.9,0.07,-0.08
262585,a,0.98,0.14,0.08
262820,a,1.37,0.29,-0.05
263101,a,0.95,0.13,-0.15
263304,a,1.02,0.13,-0.03
263539,a,1.06,0.1,0.02
263585,a,0.98,0.14,0.06
263632,a,0.87,0.19,0.11
263679,a,0.87,0.17,0.03
263710,b,1006.36,,
263726,a,0.97,0.17,0.03
263773,a,1.04,0.2,0.13
263960,a,1.22,0.19,-0.05
264054,a,1.35,0.29,-0.06
264304,a,0.96,0.13,-0.16
264585,a,1.27,-0.04,-0.18
264820,a,1.09,0.0,-0.03
265007,a,1.0,0.37,0.09
265148,a,1.08,0.17,-0.01
265257,a,1.48,0.24,-0.23
265398,a,1.19,0.28,-0.28
265632,a,0.92,0.17,-0.14
265867,a,1.22,0.06,-0.12
265914,a,1.06,0.17,0.11
265960,a,0.95,0.19,0.15
266007,a,1.12,0.14,0.0
266054,a,1.08,0.12,-0.09
266101,a,1.01,0.14,-0.09
266492,a,1.49,0.21,-0.02
266539,a,1.31,0.38,0.08
266679,a,1.18,0.18,-0.1
266914,a,0.88,0.09,-0.07
267148,a,1.05,0.19,0.04
267398,a,0.94,0.26,0.03
267632,a,1.27,0.18,-0.09
267960,a,1.1,0.09,-0.13
268148,a,0.83,0.07,-0.11
268398,a,1.14,0.2,0.04
268632,a,0.97,0.17,0.01
268773,a,0.98,0.2,0.06
269101,a,1.17,0.19,-0.14
269304,a,0.87,0.12,-0.08
269539,a,1.09,0.11,-0.06
269585,a,1.25,0.11,-0.1
269632,a,1.17,0.21,0.05
269679,a,1.18,0.19,0.1
269710,b,1006.38,,
269726,a,1.15,0.08,0.03
270304,a,1.09,0.29,-0.06
270351,a,1.14,0.19,-0.15
270398,a,1.05,0.12,-0.14
270539,a,0.87,0.14,-0.1
270773,a,1.24,0.08,-0.13
270820,a,1.25,0.11,-0.06
270867,a,1.07,0.2,0.12
270914,a,1.07,0.17,0.03
270960,a,1.03,0.09,0.0
271007,a,0.93,0.08,-0.01
271054,a,0.87,0.12,0.01
273226,h,70.67,,
273257,a,1.14,0.09,-0.08
273304,a,1.22,0.13,0.02
273351,a,1.13,0.17,0.13
273398,a,1.09,0.15,0.04
273585,a,0.9,0.14,0.0
273773,a,0.97,0.15,0.11
273914,a,1.33,0.13,-0.09
274195,a,1.03,0.03,-0.14
274398,a,0.78,0.09,-0.04
274539,a,1.13,0.09,-0.09
274632,a,1.15,0.2,0.12
274773,a,1.01,0.01,-0.09
274914,a,0.98,0.25,0.09
275148,a,1.21,0.16,-0.12
275257,a,1.16,0.33,0.01
275398,a,1.18,0.16,-0.16
275539,a,0.98,0.12,-0.14
275773,a,1.07,0.11,-0.1
276007,a,1.02,0.05,-0.02
276148,a,0.95,0.15,0.07
276257,a,1.03,0.13,0.13
276398,a,1.28,0.18,-0.08
276679,a,1.09,0.01,-0.22
276914,a,0.75,0.15,-0.08
277007,a,1.08,0.09,-0.05
277148,a,1.1,0.14,0.13
277257,a,1.06,0.06,-0.07
277398,a,0.97,0.17,0.07
277632,a,1.22,0.1,-0.1
277773,a,1.07,0.32,-0.02
277914,a,1.1,0.1,-0.12
278195,a,0.94,0.07,-0.05
278257,a,1.14,0.04,-0.06
278539,a,0.92,0.09,0.0
278820,a,1.19,0.14,0.02
278914,a,1.38,0.19,0.0
279195,a,0.91,0.15,-0.1
279492,a,1.2,0.1,-0.11
279679,a,1.04,0.07,-0.02
279914,a,0.97,0.15,0.05
280148,a,1.36,0.26,0.02
280257,a,1.27,0.3,-0.02
280398,a,1.01,-0.05,-0.14
280679,a,0.9,0.06,-0.03
280914,a,1.19,0.07,-0.08
281148,a,0.98,0.19,0.05
281406,a,1.34,0.23,-0.07
281687,a,1.04,0.01,-0.14
281875,a,0.75,0.11,-0.07
282015,a,1.13,0.08,-0.12
282156,a,1.21,0.13,-0.03
282265,a,0.97,0.06,-0.08
282546,a,1.11,0.16,0.04
282781,a,1.27,0.29,-0.07
282921,a,1.05,0.03,-0.17
283015,a,0.96,0.11,-0.17
283156,a,0.86,0.13,-0.01
283265,a,1.16,0.1,0.03
283546,a,1.02,0.21,-0.03
283640,a,1.08,0.23,0.09
283921,a,1.09,0.31,0.01
284015,a,1.23,0.25,-0.09
284359,a,0.9,0.11,0.0
284546,a,1.02,0.17,0.11
284640,a,1.11,0.04,-0.07
284968,a,1.07,0.14,0.09
285203,a,1.11,0.24,-0.12
285453,a,0.96,0.1,-0.13
285640,a,0.99,0.1,-0.03
285781,a,1.07,0.21,0.09
285875,a,1.15,0.02,-0.1
286156,a,0.96,0.17,0.1
286406,a,1.18,0.33,-0.08
286500,a,1.17,0.16,-0.23
286781,a,0.93,0.13,-0.18
287062,a,1.12,-0.02,-0.14
287273,a,0.98,0.22,0.05
287500,a,1.41,0.19,-0.1
287640,a,1.31,0.27,-0.09
287921,a,0.83,0.09,-0.08
288015,a,0.97,0.09,-0.09
288062,a,1.07,0.05,-0.13
288109,a,1.08,0.12,-0.1
288156,a,1.18,0.23,0.06
288312,a,1.1,-0.08,-0.1
288546,a,0.95,0.17,0.1
288781,a,1.08,0.35,0.04
289062,a,0.86,0.19,-0.08
289312,a,1.2,0.04,-0.13
289453,a,1.16,0.14,0.01
289500,a,1.02,-0.01,-0.11
289546,a,0.97,0.09,-0.03
289593,a,0.91,0.18,0.0
289640,a,0.91,0.27,0.04
290062,a,1.16,0.3,-0.04
290109,a,1.26,0.24,-0.15
290156,a,1.11,0.12,-0.18
290406,a,0.76,0.12,-0.08
290546,a,1.18,0.09,-0.11
290781,a,0.92,0.04,-0.09
291062,a,1.0,0.08,0.02
291273,a,1.02,0.28,-0.06
291414,a,0.99,0.23,-0.13
291507,a,0.96,0.22,-0.15
291882,a,1.11,0.22,0.12
292023,a,0.87,0.09,-0.06
292164,a,0.94,0.29,0.02
292257,a,0.93,0.18,0.1
292398,a,1.29,0.1,-0.16
292539,a,1.15,0.23,-0.07
292679,a,1.0,0.1,-0.12
292773,a,0.94,0.07,-0.15
292914,a,0.87,0.16,-0.07
293007,a,1.05,0.08,-0.1
293335,a,0.89,0.26,0.01
293382,a,0.87,0.25,-0.01
293664,a,1.4,0.16,-0.1
293757,a,0.99,0.28,-0.06
293898,a,1.02,0.19,-0.05
294132,a,0.95,0.12,-0.13
294382,a,1.03,0.21,0.17
294664,a,0.9,0.21,0.06
294757,a,0.98,0.09,0.01
294898,a,1.45,0.17,-0.06
295039,a,1.16,0.27,-0.18
295179,a,0.88,0.1,-0.1
295382,a,0.94,0.11,-0.07
295664,a,1.03,0.05,-0.01
295757,a,0.81,0.2,0.1
296039,a,1.18,0.1,-0.05
296250,t,28.281,,
296382,a,0.92,0.11,-0.06
296570,a,0.84,0.14,-0.1
296664,a,1.04,0.16,-0.06
296757,a,1.22,0.18,-0.01
296804,a,1.05,0.26,0.14
296851,a,1.15,0.18,-0.02
296898,a,1.1,0.05,-0.13
296945,a,0.94,0.05,-0.09
296992,a,0.83,0.12,0.03
297664,a,0.83,0.17,-0.09
297804,a,0.99,0.12,-0.13
298039,a,1.09,0.17,0.09
298289,a,0.85,0.24,0.01
298382,a,0.89,0.15,0.0
298523,a,1.14,0.05,-0.17
298664,a,1.03,0.01,-0.19
298898,a,0.79,0.16,-0.06
299039,a,1.01,0.13,-0.14
299179,a,1.36,0.12,-0.24
299476,a,0.72,-0.03,-0.09
299664,a,0.92,0.14,0.01
299804,a,1.55,0.17,-0.02
299898,a,1.02,0.25,0.0
300039,a,0.9,0.14,-0.02
300132,a,0.89,0.14,-0.09
300382,a,1.29,0.04,-0.27
300429,a,1.21,-0.06,0.0
300476,a,1.0,0.01,0.1
300523,a,1.0,-0.09,-0.05
300742,b,1006.45,,
301039,a,1.33,0.21,-0.03
301289,a,0.93,0.1,-0.17
301617,a,1.25,-0.05,-0.16
301664,a,1.37,-0.04,-0.16
301945,a,0.85,0.21,0.02
302179,a,1.09,0.12,0.04
302437,a,1.19,0.25,-0.08
302671,a,0.88,0.04,-0.12
302906,a,1.26,0.14,0.0
303140,a,0.85,0.18,0.07
303250,b,1006.37,,
303578,a,1.09,0.34,0.05
303906,a,0.9,0.12,-0.04
304140,a,1.16,0.07,-0.04
304296,a,1.13,0.01,-0.1
304390,a,0.96,0.06,-0.08
304531,a,0.95,0.3,0.12
304671,a,1.11,0.12,0.01
304953,a,1.14,0.18,-0.12
305140,a,0.86,0.01,-0.12
305484,a,1.08,0.16,0.14
305671,a,0.89,0.11,0.01
305906,a,1.07,0.12,0.1
306140,a,1.22,0.28,-0.11
306296,a,0.96,0.07,-0.1
306531,a,0.99,0.11,-0.02
306671,a,1.03,0.22,0.19
306750,b,1006.41,,
306906,a,0.84,0.17,0.06
307046,a,0.92,0.18,0.09
307187,a,1.42,0.09,-0.16
307437,a,1.06,0.18,-0.18
307718,a,0.92,0.16,-0.11
307812,a,1.15,0.11,-0.1
308046,a,1.02,-0.13,-0.15
308140,a,0.85,0.15,0.0
308234,a,0.94,0.25,0.04
308296,a,0.89,0.22,0.07
308578,a,1.11,0.32,-0.01
308812,a,0.96,0.07,-0.04
309046,a,0.98,0.06,-0.05
309296,a,1.05,-0.02,-0.18
309531,a,0.89,0.23,0.07
309953,a,1.18,0.06,-0.16
310187,a,0.82,0.07,-0.06
310484,a,1.25,0.11,-0.04
310625,a,0.94,0.1,-0.04
310750,b,1006.35,,
310906,a,1.12,0.12,-0.06
311046,a,1.22,0.38,0.02
311296,a,1.05,0.02,-0.12
311390,a,0.83,0.13,0.0
311578,a,0.93,0.04,-0.03
311765,a,1.26,0.07,-0.06
311812,a,1.22,-0.01,-0.18
311906,a,1.06,0.21,-0.03
312000,a,0.98,0.29,-0.01
312250,b,1006.35,,
312531,a,1.14,-0.01,-0.13
312671,a,0.84,0.12,-0.05
312859,a,1.02,0.07,-0.06
313046,a,1.19,0.03,-0.09
313250,b,1006.38,,
313531,a,1.44,0.22,-0.11
313625,a,1.04,0.32,-0.03
313906,a,0.86,0.12,-0.09
314140,a,1.08,0.11,-0.11
314187,a,1.29,0.23,0.0
314234,a,1.4,0.28,0.13
314250,b,1006.4,,
314250,t,28.625,,
314250,l,229.44,,
316000,a,0.98,0.15,-0.09
316046,a,1.06,0.14,-0.14
316093,a,1.11,0.17,-0.06
316140,a,0.99,0.07,-0.29
316187,a,0.84,0.05,-0.24
316296,a,1.03,0.21,-0.17
316531,a,1.05,0.2,-0.13
316750,b,1006.42,,
317046,a,1.05,0.09,-0.11
317296,a,0.89,0.18,-0.05
317531,a,1.0,0.03,0.12
317578,a,1.0,-0.07,0.05
317625,a,1.07,-0.1,-0.03
317671,a,1.06,-0.06,-0.02
317718,a,1.03,-0.09,-0.09
317750,b,1006.42,,
317906,a,1.0,-0.11,-0.11
318187,a,1.02,-0.07,-0.12
318390,a,0.99,0.05,-0.08
318625,a,1.05,0.07,0.02
318671,a,1.05,0.01,0.0
318718,a,1.03,0.0,0.02
318750,b,1006.42,,
318765,a,1.07,0.03,-0.02
318812,a,1.02,0.04,-0.06
320953,a,1.23,0.18,0.14
321046,a,1.27,0.08,-0.09
321390,a,0.99,0.15,0.0
321531,a,1.45,0.27,-0.04
321625,a,1.33,0.27,-0.2
321750,b,1006.33,,
321906,a,0.76,0.15,-0.12
322000,a,0.7,0.16,-0.01
322296,a,1.24,0.08,-0.11
322437,a,1.0,0.21,0.16
322531,a,0.98,0.31,0.09
322812,a,1.14,0.26,-0.01
323046,a,0.94,0.06,-0.04
323343,a,1.11,0.13,-0.16
323390,a,1.19,0.24,-0.09
323671,a,0.95,0.17,0.0
323750,b,1006.33,,
323812,a,0.98,0.21,0.07
323859,a,1.02,0.17,0.1
323906,a,1.14,0.16,0.06
323953,a,1.38,0.16,-0.09
324000,a,1.53,0.22,-0.09
324046,a,1.31,0.28,-0.05
324296,a,0.97,0.16,-0.14
324390,a,0.79,0.16,-0.09
324531,a,0.72,0.13,-0.04
324718,a,1.25,0.33,0.13
324906,a,1.03,0.13,-0.01
325140,a,1.1,0.18,-0.01
325343,a,1.13,0.33,-0.1
325390,a,1.25,0.27,-0.13
325437,a,1.3,0.21,-0.22
325484,a,1.19,0.09,-0.23
325531,a,1.04,0.04,-0.17
325750,b,1006.38,,
326250,h,63.77,,
326718,a,1.04,0.11,-0.13
326906,a,0.84,0.14,-0.07
327140,a,1.09,0.22,0.07
327437,a,1.07,0.29,0.16
327718,a,1.22,0.25,-0.41
327765,a,1.2,0.08,-0.34
328000,a,1.03,0.02,-0.25
328343,a,0.98,0.1,-0.02
328625,a,1.08,0.26,-0.09
328859,a,0.96,0.26,0.01
329007,a,1.06,0.21,0.02
329140,a,1.42,0.29,-0.09
329296,a,1.24,0.29,-0.11
329437,a,1.05,0.11,-0.12
329484,a,0.94,0.15,-0.07
329531,a,0.82,0.13,-0.04
329578,a,0.75,0.12,-0.07
329625,a,0.74,0.1,-0.03
329671,a,0.8,0.11,-0.04
329718,a,1.04,0.09,-0.16
329906,a,1.09,0.11,-0.09
329953,a,1.11,0.02,-0.09
330187,a,0.95,0.19,0.02
330437,a,1.32,0.18,-0.16
330671,a,1.11,0.09,-0.2
330953,a,0.84,0.14,-0.03
331093,a,1.22,0.23,0.0
331140,a,1.16,0.23,-0.03
331390,a,0.93,0.27,0.06
331531,a,0.98,0.24,0.14
331906,a,1.09,0.19,-0.18
332000,a,0.91,0.11,-0.08
332046,a,0.86,0.16,-0.02
332093,a,0.76,0.13,0.01
332140,a,0.75,0.11,0.02
332187,a,0.76,0.11,0.03
332234,a,0.94,0.1,-0.04
333953,a,0.96,0.02,0.16
334000,a,0.91,0.1,0.15
334046,a,1.05,0.1,0.0
334093,a,1.12,0.12,-0.11
334296,a,1.07,0.33,-0.08
334531,a,0.97,0.12,-0.16
334625,a,0.89,0.16,-0.07
334765,a,0.93,0.15,0.01
334906,a,1.17,0.15,0.1
335187,a,0.94,0.19,0.07
335390,a,0.97,0.11,0.02
335671,a,1.12,0.25,-0.07
335953,a,0.84,0.13,-0.04
336140,a,0.94,0.13,-0.01
336250,b,1006.33,,
336531,a,0.93,0.26,0.02
336625,a,0.92,0.25,0.03
336765,a,1.06,0.16,0.08
336953,a,1.2,0.31,0.06
337187,a,0.98,0.07,-0.11
337437,a,0.85,0.15,0.0
337625,a,1.13,0.2,0.12
337859,a,0.95,0.13,0.06
337953,a,0.91,0.24,0.1
338000,a,0.92,0.18,0.09
338234,a,1.44,0.25,-0.08
338531,a,1.01,0.05,-0.13
338671,a,0.83,0.08,-0.08
338765,a,0.82,0.13,0.03
338906,a,1.28,0.15,-0.05
339046,a,1.12,0.04,-0.13
339140,a,0.94,0.14,-0.03
339296,a,0.91,0.22,0.1
339531,a,1.39,0.18,-0.02
339750,b,1006.36,,
339906,a,0.87,0.11,-0.1
340046,a,0.81,0.16,0.03
340140,a,1.21,0.12,-0.02
340250,b,1006.41,,
340390,a,0.99,0.19,0.0
340578,a,0.89,0.2,0.14
340625,a,0.88,0.15,0.09
340953,a,1.16,0.21,-0.1
341000,a,1.24,0.06,-0.16
341046,a,1.08,-0.01,-0.22
341187,a,0.86,0.28,-0.01
341390,a,1.01,0.17,-0.06
341531,a,1.04,0.19,0.14
341671,a,1.06,0.05,-0.04
341812,a,0.91,0.17,0.11
341906,a,0.96,0.13,0.1
342000,a,1.09,0.1,0.0
342250,b,1006.36,,
342671,a,0.98,0.11,-0.08
342718,a,1.2,0.09,-0.04
342812,a,1.07,0.21,0.19
343046,a,0.89,0.24,0.07
343250,b,1006.36,,
343390,a,1.45,0.18,-0.16
343531,a,0.98,0.24,-0.04
343625,a,1.0,0.1,-0.2
343750,b,1006.38,,
344046,a,1.11,0.17,0.0
344296,a,0.99,0.07,0.07
344531,a,0.96,0.15,0.08
344750,b,1006.38,,
344906,a,1.13,0.17,-0.18
345000,a,0.93,0.21,-0.02
345046,a,0.87,0.18,-0.08
345093,a,0.83,0.15,-0.15
345140,a,0.83,0.13,-0.12
345187,a,0.78,0.14,-0.04
345296,a,0.92,0.11,-0.11
345390,a,1.41,0.23,0.07
345578,a,1.12,-0.03,0.03
345625,a,1.02,-0.04,0.0
345671,a,0.89,-0.07,0.0
345718,a,0.92,0.07,0.08
345953,a,1.09,0.1,-0.05
346000,a,1.38,0.14,-0.09
346187,a,1.02,0.18,-0.12
346250,b,1006.33,,
346437,a,0.86,0.14,0.01
346531,a,0.83,0.1,-0.03
346671,a,1.21,0.21,-0.13
346750,b,1006.36,,
347000,a,0.87,0.13,0.05
347140,a,0.93,0.12,0.09
347250,b,1006.38,,
347625,a,0.95,0.2,0.02
347718,a,0.88,0.22,0.01
347750,b,1006.33,,
347765,a,0.84,0.16,0.0
347812,a,0.83,0.13,-0.01
347859,a,0.9,0.16,0.03
348234,a,1.01,0.15,0.06
348343,a,0.98,0.15,0.18
348578,a,1.44,0.13,-0.09
348750,b,1006.3,,
349046,a,0.8,0.21,0.02
349250,b,1006.39,,
349390,a,1.23,0.2,0.03
349531,a,1.15,0.13,-0.07
349671,a,0.96,0.26,0.04
349750,b,1006.39,,
350140,a,1.18,0.11,-0.05
350343,a,0.73,0.22,-0.07
350578,a,1.22,0.11,0.01
350750,b,1006.3,,
351046,a,0.98,0.13,0.04
351343,a,1.24,0.25,-0.15
351531,a,0.8,0.17,-0.09
351750,b,1006.36,,
351859,a,1.18,0.15,0.1
351906,a,1.07,0.12,0.12
351953,a,1.1,0.07,0.01
352000,a,1.06,0.05,0.02
352046,a,0.97,0.07,0.03
352093,a,0.91,0.14,0.08
352343,a,1.08,0.14,0.08
352390,a,1.29,0.15,-0.08
352765,a,0.9,0.28,-0.15
353093,a,1.1,-0.01,0.14
353250,b,1006.28,,
353531,a,1.01,0.07,0.1
353625,a,1.28,0.05,-0.08
353906,a,1.06,0.18,-0.15
354000,a,0.89,0.18,-0.11
354250,b,1006.36,,
354437,a,1.07,0.0,0.01
354531,a,0.96,0.06,0.03
354812,a,1.07,0.13,0.05
354906,a,1.35,0.13,-0.15
355000,a,1.19,0.29,0.03
355140,a,1.1,0.16,-0.11
355250,b,1006.36,,
355437,a,0.98,0.16,-0.06
355531,a,1.19,0.04,-0.18
355578,a,1.14,0.1,0.0
355625,a,1.0,0.19,0.15
355750,b,1006.31,,
356046,a,1.02,0.13,0.13
356343,a,1.13,0.33,0.01
356390,a,1.2,0.22,-0.13
356437,a,1.11,0.07,-0.2
356484,a,0.98,0.02,-0.15
356531,a,0.93,0.09,-0.12
356859,a,1.24,0.13,-0.03
356906,a,1.18,0.2,0.12
357140,a,0.95,0.14,0.07
357390,a,1.17,0.09,0.04
357625,a,1.1,0.25,-0.04
357906,a,0.88,0.27,-0.03
358000,a,0.77,0.04,-0.06
358140,a,1.0,0.13,-0.03
358296,a,1.1,0.14,0.03
358390,a,1.19,0.02,-0.05
358625,a,0.94,0.13,0.1
358812,a,1.4,0.16,-0.09
359000,a,1.18,0.21,-0.11
359140,a,1.0,0.09,-0.05
359296,a,0.82,0.1,-0.02
359531,a,1.04,0.19,0.18
359812,a,1.01,0.14,0.14
360000,a,1.02,0.16,0.06
360093,a,1.55,0.24,-0.1
360140,a,1.43,0.35,-0.05
360187,a,1.12,0.25,-0.09
360234,a,1.22,0.25,-0.13
360250,b,1006.37,,
360437,a,0.89,0.14,-0.08
360718,a,1.17,0.13,-0.12
360906,a,1.1,0.01,-0.09
361140,a,0.93,0.19,0.05
361390,a,1.17,0.13,-0.1
361671,a,1.2,0.14,-0.15
361750,b,1006.29,,
361953,a,0.84,0.11,-0.03
362000,a,0.86,0.1,-0.04
362046,a,0.91,0.09,-0.05
362093,a,1.03,0.12,-0.02
362140,a,1.15,0.14,-0.03
362187,a,1.04,0.2,0.1
362296,a,1.11,0.02,-0.05
362531,a,0.99,0.17,0.09
362750,b,1006.32,,
362906,a,1.06,0.29,-0.07
363046,a,1.1,0.12,-0.18
363187,a,0.91,0.15,-0.07
363437,a,1.17,0.14,0.0
363625,a,1.09,0.0,-0.08
363750,b,1006.34,,
363953,a,1.0,0.12,0.07
364000,a,1.07,0.12,0.0
364046,a,1.13,0.13,-0.09
364296,a,1.2,0.2,-0.16
364390,a,1.2,0.07,-0.06
364578,a,0.89,0.12,-0.07
364671,a,0.84,0.11,-0.02
364812,a,1.1,0.17,0.01
364906,a,1.04,0.13,0.0
365046,a,1.07,0.12,-0.05
365250,b,1006.27,,
365531,a,1.02,0.25,0.0
365625,a,1.21,0.17,-0.14
365765,a,1.08,0.13,-0.16
365906,a,0.93,0.2,-0.05
366140,a,0.89,0.19,-0.04
366250,b,1006.24,,
366531,a,1.04,0.17,-0.02
366671,a,0.92,0.2,0.05
366906,a,0.98,0.15,0.07
367046,a,1.35,0.15,-0.06
367140,a,1.02,0.2,-0.09
367187,a,1.05,0.2,-0.09
367234,a,1.14,0.2,-0.13
367250,b,1006.26,,
367250,t,28.125,,
367250,l,95.76,,
367250,h,46.3,,
367437,a,0.93,0.23,-0.05
367531,a,0.83,0.21,0.01
367765,a,0.98,0.33,-0.01
368000,a,1.08,0.23,-0.04
368296,a,0.91,0.14,-0.04
368390,a,0.89,0.03,-0.05
368578,a,1.17,0.05,-0.07
368765,a,1.05,0.26,0.03
368812,a,1.05,0.21,-0.07
368859,a,1.1,0.11,-0.14
368906,a,1.01,0.14,-0.16
368953,a,0.97,0.15,-0.13
369046,a,0.84,0.15,-0.13
369250,b,1006.24,,
369437,a,1.43,0.26,0.38
369531,a,1.1,-0.03,0.07
369625,a,0.5,0.13,0.13
369812,a,0.69,0.15,0.06
370046,a,1.21,0.11,-0.09
370140,a,0.66,0.23,-0.01
370250,b,1006.27,,
370390,a,0.68,0.05,-0.29
370578,a,1.1,-0.05,0.19
370625,a,0.85,0.02,0.29
370812,a,1.99,0.58,-0.09
371046,a,0.52,0.17,0.11
371250,b,1006.38,,
371390,a,0.87,0.12,0.12
371531,a,1.85,0.38,0.05
371671,a,0.86,0.13,0.04
371953,a,0.59,0.12,0.0
372140,a,1.21,0.31,0.41
372343,a,0.44,0.2,0.15
372578,a,1.37,0.0,-0.09
372765,a,0.47,0.19,0.08
373000,a,1.84,0.23,-0.35
373140,a,1.24,0.18,0.15
373250,b,1006.4,,
373390,a,0.78,0.16,0.15
373578,a,1.84,0.21,-0.36
373625,a,1.55,0.07,-0.34
373750,b,1006.49,,
373906,a,0.25,0.16,0.1
374000,a,1.78,-0.01,-0.35
374140,a,0.85,0.07,0.31
374390,a,0.83,0.07,0.04
374531,a,0.64,0.22,0.04
374625,a,0.58,0.11,-0.04
374671,a,0.61,0.15,0.0
374718,a,0.81,0.15,-0.09
374750,b,1006.49,,
374765,a,1.65,-0.01,-0.53
374812,a,1.95,0.41,0.06
374859,a,1.51,0.21,0.39
374953,a,0.97,0.01,0.07
375046,a,0.69,0.21,0.14
375296,a,1.06,0.13,0.05
375531,a,0.77,0.09,-0.05
375625,a,0.81,0.13,0.01
375906,a,0.99,0.25,0.2
376046,a,0.99,0.06,-0.05
376250,b,1006.43,,
376390,a,1.46,0.15,0.01
376578,a,1.2,0.13,-0.11
376625,a,1.15,0.11,-0.05
376750,b,1006.46,,
376765,a,0.9,0.1,-0.05
376812,a,0.89,0.11,-0.04
376859,a,0.83,0.12,-0.04
376906,a,0.78,0.12,-0.03
376953,a,0.85,0.09,-0.06
377296,a,0.96,-0.05,-0.34
377343,a,0.94,0.09,-0.23
377531,a,0.82,0.2,0.06
377671,a,1.14,0.06,-0.08
377718,a,1.44,0.08,-0.07
377750,b,1006.46,,
377765,a,1.26,0.17,-0.06
377812,a,0.93,0.27,-0.11
377859,a,0.94,0.33,0.01
377906,a,1.06,0.35,-0.04
378093,a,1.04,0.23,-0.14
378296,a,0.86,0.28,-0.06
378531,a,1.11,0.57,0.09
378671,a,0.94,0.27,0.1
378718,a,1.01,0.28,0.06
378750,b,1006.49,,
378765,a,0.97,0.33,0.05
378812,a,0.84,0.39,0.13
378859,a,0.79,0.38,0.14
379625,a,0.79,0.28,-0.04
379671,a,0.9,0.35,0.0
379750,b,1006.49,,
380000,a,1.99,0.07,-0.83
380296,a,0.62,0.03,0.13
380578,a,1.99,0.26,-0.17
380765,a,0.76,0.14,-0.03
381046,a,0.23,0.09,0.07
381140,a,1.61,0.58,0.06
381437,a,1.53,0.38,-0.06
381671,a,0.62,0.33,0.1
381750,b,1006.62,,
381906,a,1.54,0.29,-0.03
382000,a,1.44,0.08,0.26
382250,b,1006.6,,
382437,a,1.99,0.38,0.12
382578,a,0.81,0.2,-0.04
382812,a,0.42,0.02,-0.11
383046,a,1.83,0.11,0.14
383296,a,0.65,0.13,0.15
383390,a,0.96,0.17,-0.04
383531,a,1.48,0.23,-0.33
383578,a,1.38,0.28,-0.28
383625,a,1.05,0.23,-0.25
383671,a,0.76,0.1,-0.05
383718,a,0.58,0.11,0.05
383750,b,1006.68,,
383765,a,0.41,0.11,0.06
383812,a,0.12,-0.39,-0.14
383906,a,0.28,-0.26,-0.14
384187,a,1.99,0.61,-0.29
384390,a,0.77,0.29,-0.07
384531,a,0.49,0.16,0.0
384625,a,1.23,0.31,-0.22
384750,b,1006.68,,
384906,a,0.94,0.14,0.06
385140,a,0.96,0.15,0.06
385250,b,1006.73,,
385390,a,1.09,0.25,-0.03
385531,a,1.17,0.2,-0.18
385750,b,1006.76,,
385765,a,0.71,0.29,-0.02
385812,a,0.72,0.26,-0.02
385859,a,0.79,0.26,0.01
385914,a,0.92,0.23,0.06
385953,a,1.07,0.1,-0.06
386000,a,1.21,0.15,0.08
386671,a,1.26,0.45,0.0
386906,a,1.11,0.01,-0.17
387187,a,0.96,0.09,-0.08
387437,a,1.07,-0.02,-0.1
387531,a,0.96,0.11,0.05
387625,a,1.03,0.21,0.1
387953,a,1.21,0.33,-0.04
388187,a,1.08,0.06,-0.19
388296,a,0.93,0.16,-0.07
388343,a,0.89,0.13,-0.09
388390,a,0.86,0.12,-0.03
388437,a,0.9,0.11,0.0
388484,a,1.0,0.09,-0.01
389250,t,27.937,,
389250,l,33.12,,
389250,h,45.32,,
389390,a,1.27,0.04,-0.23
389625,a,0.89,0.1,-0.12
389765,a,0.87,0.05,-0.06
389906,a,1.06,0.16,0.06
390000,a,1.17,0.04,0.05
390140,a,1.13,0.11,-0.08
390187,a,1.07,0.18,-0.01
390234,a,0.98,0.22,0.04
390250,b,1006.68,,
390250,t,27.906,,
390296,a,1.05,0.26,0.02
390343,a,1.14,0.27,0.0
391812,a,1.13,0.25,-0.05
391859,a,1.15,0.25,-0.13
391906,a,1.15,0.18,-0.15
391953,a,1.06,0.13,-0.17
392000,a,0.93,0.16,-0.17
392140,a,0.89,0.2,-0.13
392390,a,1.21,0.27,0.2
392531,a,1.05,-0.05,-0.16
392765,a,0.92,0.2,0.05
392906,a,1.36,0.11,-0.18
393000,a,1.19,0.11,-0.31
393140,a,1.01,0.3,-0.13
393296,a,0.96,0.24,-0.11
393578,a,1.21,-0.06,-0.15
393765,a,0.97,0.07,0.0
394093,a,1.13,0.14,0.06
394250,b,1006.72,,
394390,a,1.21,0.24,-0.16
394531,a,0.99,0.15,-0.14
394750,b,1006.64,,
394906,a,0.93,0.17,0.03
395000,a,1.06,0.11,0.02
395187,a,1.06,0.19,0.09
395250,b,1006.64,,
397187,a,0.87,0.15,-0.09
397296,a,0.99,0.09,0.0
397390,a,1.11,0.12,0.0
397437,a,1.07,0.19,0.08
397484,a,1.12,0.12,0.0
397531,a,1.07,0.03,-0.1
397578,a,0.99,0.04,-0.08
397625,a,0.96,0.11,0.0
397765,a,0.98,0.15,0.07
397812,a,0.98,0.14,0.11
397906,a,1.19,0.13,-0.04
398234,a,1.11,0.06,-0.18
398390,a,0.94,0.1,-0.09
398531,a,0.9,0.08,-0.06
398625,a,1.15,0.11,0.0
398750,b,1006.72,,
398906,a,1.0,0.16,0.0
399000,a,1.07,0.19,0.09
399250,b,1006.67,,
399531,a,1.03,0.09,-0.15
399812,a,0.9,0.11,0.04
400046,a,1.17,0.05,-0.12
400250,b,1006.62,,
400531,a,1.35,0.16,-0.12
400812,a,1.1,0.19,-0.01
401000,a,0.85,0.15,-0.04
401296,a,1.09,0.13,-0.05
401531,a,0.9,0.2,0.04
401625,a,0.97,0.16,0.07
401906,a,1.04,0.32,-0.09
402000,a,1.15,0.26,-0.12
402140,a,0.87,0.15,-0.1
402296,a,0.95,0.17,-0.05
402343,a,1.0,0.15,0.03
402390,a,1.1,0.07,-0.07
402437,a,1.31,0.02,-0.14
402484,a,1.11,0.13,0.01
402531,a,1.02,0.19,0.02
405007,a,1.11,0.14,0.08
405054,a,1.03,0.1,0.04
405101,a,1.11,0.0,-0.07
405148,a,1.01,0.03,-0.07
405195,a,0.93,0.13,-0.01
405242,a,0.85,0.22,-0.02
405523,a,1.19,0.16,-0.02
405757,a,1.14,0.24,-0.12
406039,a,0.84,0.12,-0.11
406257,t,27.718,,
406570,a,0.9,0.19,0.05
406664,a,0.96,0.16,0.11
406757,a,1.01,0.11,0.05
406898,a,1.41,0.19,-0.13
406992,a,0.99,0.36,-0.04
407132,a,1.11,0.15,-0.27
407429,a,0.94,0.12,-0.05
407523,a,1.26,0.11,-0.1
407570,a,1.4,0.03,-0.07
407617,a,1.03,0.04,0.05
407664,a,0.97,-0.02,-0.15
407710,a,1.04,0.0,-0.15
407757,a,0.99,-0.02,-0.05
408257,h,45.11,,
408289,a,1.01,0.23,-0.05
408320,b,1006.65,,
408382,a,1.19,0.22,-0.14
408523,a,1.06,0.07,-0.17
408757,a,1.09,0.08,-0.1
408992,a,0.99,0.02,-0.14
409132,a,0.9,0.22,0.01
409257,t,27.718,,
409382,a,1.43,0.17,-0.16
409523,a,1.13,0.26,-0.13
409757,a,1.01,0.08,-0.15
409992,a,0.98,0.07,-0.05
410257,t,27.687,,
410570,a,1.18,0.17,-0.1
410757,a,1.17,0.31,-0.1
410898,a,1.12,0.09,-0.16
411179,a,0.93,0.16,-0.01
411382,a,1.09,0.15,0.02
411523,a,0.97,0.11,-0.02
411664,a,1.02,0.2,0.07
411757,a,1.0,0.13,0.09
411898,a,1.4,0.28,-0.09
411992,a,1.08,0.33,-0.11
412132,a,1.18,0.06,-0.2
412257,t,27.593,,
412429,a,0.98,0.05,-0.08
412570,a,1.02,0.18,0.11
412664,a,1.14,0.03,-0.11
412757,a,0.95,0.16,-0.03
412804,a,1.01,0.21,0.0
412820,b,1006.66,,
412851,a,1.06,0.21,0.06
412898,a,1.07,0.15,0.08
412945,a,1.0,0.1,0.06
412992,a,1.09,0.14,0.04
413226,a,1.31,0.39,-0.07
413257,t,27.593,,
413382,a,1.16,-0.01,-0.19
413757,a,1.05,0.18,0.08
413992,a,1.05,0.2,-0.05
414039,a,1.09,0.24,0.03
414085,a,1.1,0.23,0.03
414132,a,1.01,0.15,0.0
414257,t,27.562,,
414523,a,1.12,0.2,-0.2
414617,a,1.02,0.1,-0.17
414757,a,0.89,0.09,-0.14
414898,a,1.14,0.03,-0.19
415039,a,1.04,0.16,0.0
415132,a,0.95,0.05,-0.04
415257,t,27.531,,
415382,a,0.97,0.14,0.04
415523,a,1.31,0.18,-0.15
415804,a,1.0,0.11,-0.18
416039,a,0.96,0.13,-0.11
416132,a,1.16,0.08,-0.17
416382,a,0.98,0.06,-0.05
416617,a,0.97,0.15,0.04
416851,a,1.06,0.38,-0.01
416898,a,1.12,0.36,-0.18
416992,a,1.1,0.22,-0.31
417039,a,1.02,0.07,-0.24
417085,a,0.99,0.07,-0.16
417132,a,0.92,0.12,-0.13
418085,a,1.15,0.34,-0.03
418132,a,1.03,0.33,-0.09
418179,a,1.18,0.35,-0.02
418289,a,1.1,-0.01,-0.21
418523,a,0.86,0.12,-0.06
418757,a,1.21,0.11,-0.01
419039,a,0.99,0.21,0.12
419289,a,1.27,0.33,-0.09
419523,a,1.03,0.03,-0.16
419757,a,0.86,0.14,-0.09
419898,a,1.2,0.09,-0.01
420132,a,0.99,0.11,0.04
420257,t,27.437,,
420570,a,1.3,0.35,-0.02
420898,a,0.88,0.13,-0.13
421132,a,1.2,0.05,-0.04
421382,a,1.01,0.05,-0.03
421523,a,0.97,0.22,0.06
421617,a,0.93,0.14,0.08
421757,a,1.32,0.14,-0.14
422039,a,1.06,0.04,-0.17
422257,t,27.437,,
422398,a,1.04,0.12,-0.03
422585,a,1.04,0.07,-0.04
422632,a,1.0,-0.06,-0.22
422773,a,0.92,0.33,0.06
422867,a,0.94,0.24,0.03
423007,a,0.95,0.12,-0.01
423289,a,1.07,0.29,-0.18
423382,a,1.09,0.16,-0.18
423429,a,1.05,0.13,-0.15
423476,a,0.95,0.13,-0.19
423523,a,0.9,0.14,-0.15
423570,a,0.86,0.16,-0.1
424132,a,0.92,0.19,0.03
424179,a,0.96,0.16,0.03
424257,t,27.468,,
424523,a,1.0,0.33,0.01
424757,a,1.04,0.04,-0.12
424898,a,0.83,0.15,-0.07
425039,a,0.99,0.04,-0.1
425257,t,27.468,,
425382,a,0.95,0.16,0.03
425523,a,0.9,0.15,0.08
425804,a,1.44,0.23,0.0
426039,a,1.07,0.11,-0.15
426257,t,27.468,,
426570,a,1.1,0.12,0.2
426617,a,1.04,-0.03,-0.04
426664,a,1.01,-0.25,-0.24
426710,a,1.06,0.0,-0.13
426757,a,0.96,0.2,0.05
426804,a,0.91,0.22,0.1
426828,b,1006.6,,
426992,a,0.92,0.13,0.01
427039,a,0.99,0.11,0.02
427257,t,27.468,,
427382,a,1.06,0.11,-0.1
427523,a,0.92,0.15,-0.12
427664,a,0.95,0.15,-0.13
427757,a,1.22,0.11,-0.11
428039,a,1.0,0.11,0.24
428257,t,27.468,,
428382,a,0.64,0.15,0.13
428570,a,1.06,0.33,0.15
428804,a,1.1,-0.07,0.18
429039,a,1.07,0.15,0.09
429132,a,1.05,0.1,-0.07
429429,a,1.08,0.04,-0.06
429664,a,0.87,0.06,0.2
429898,a,0.94,-0.09,0.33
430039,a,0.91,-0.11,0.28
430132,a,0.92,-0.13,0.11
430382,a,1.09,-0.05,0.13
430617,a,0.84,-0.18,0.08
430898,a,1.37,0.04,0.23
431179,a,0.9,0.16,0.58
431257,t,27.5,,
431382,a,0.92,0.25,0.69
431664,a,0.46,0.4,0.85
431945,a,0.59,0.4,0.73
432179,a,0.51,0.2,0.86
432382,a,0.53,0.52,0.92
432523,a,0.48,0.42,0.79
432804,a,0.54,0.38,0.77
432992,a,0.56,0.39,0.75
433132,a,0.55,0.41,0.75
433257,t,27.531,,
433570,a,0.54,0.41,0.76
433617,a,0.55,0.41,0.75
433664,a,0.55,0.41,0.74
433710,a,0.54,0.41,0.74
433757,a,0.54,0.42,0.75
433804,a,0.54,0.41,0.75
434132,a,0.55,0.4,0.74
434570,a,0.55,0.42,0.75
434757,a,0.54,0.42,0.75
435039,a,0.55,0.41,0.74
435289,a,0.54,0.41,0.75
435523,a,0.55,0.4,0.75
435804,a,0.56,0.42,0.74
435992,a,0.55,0.42,0.74
436257,t,27.562,,
436257,l,76.56,,
436289,a,0.54,0.43,0.74
436328,b,1006.63,,
436523,a,0.55,0.42,0.74
436804,a,0.54,0.4,0.74
436992,a,0.54,0.44,0.74
437257,t,27.562,,
437429,a,0.54,0.45,0.73
437476,a,0.54,0.42,0.74
437523,a,0.56,0.43,0.73
437570,a,0.57,0.45,0.71
437617,a,0.56,0.45,0.72
437664,a,0.57,0.44,0.72
438179,a,0.56,0.44,0.72
438226,a,0.57,0.44,0.72
438257,t,27.562,,
438257,l,84.32,,
438257,h,46.17,,
438382,a,0.57,0.45,0.7
438617,a,0.57,0.44,0.7
438664,a,0.57,0.44,0.72
438710,a,0.57,0.44,0.71
438757,a,0.58,0.44,0.71
438804,a,0.57,0.45,0.71
438828,b,1006.56,,
438851,a,0.58,0.44,0.7
438945,a,0.57,0.44,0.71
438992,a,0.57,0.44,0.72
439710,a,0.57,0.44,0.7
439945,a,0.57,0.45,0.71
440226,a,0.58,0.44,0.7
440382,a,0.57,0.44,0.71
440617,a,0.57,0.44,0.7
440898,a,0.57,0.44,0.72
441039,a,0.57,0.45,0.71
441132,a,0.57,0.44,0.71
441257,t,27.593,,
441570,a,0.58,0.45,0.71
441710,a,0.56,0.44,0.72
441757,a,0.57,0.42,0.71
442039,a,0.59,0.43,0.7
442257,t,27.593,,
442570,a,0.57,0.44,0.71
442757,a,0.57,0.44,0.71
442992,a,0.58,0.44,0.71
443132,a,0.58,0.43,0.71
443429,a,0.57,0.44,0.71
443570,a,0.57,0.45,0.71
443617,a,0.57,0.46,0.71
443664,a,0.56,0.45,0.71
443710,a,0.57,0.44,0.71
443757,a,0.57,0.45,0.71
443804,a,0.56,0.45,0.71
444039,a,0.56,0.46,0.71
444085,a,0.56,0.45,0.71
444132,a,0.57,0.45,0.71
444617,a,0.56,0.47,0.71
444804,a,0.56,0.46,0.71
445039,a,0.56,0.45,0.71
445132,a,0.57,0.46,0.7
445476,a,0.56,0.47,0.71
445664,a,0.56,0.46,0.71
445992,a,0.56,0.46,0.71
448570,a,0.56,0.47,0.7
448617,a,0.56,0.46,0.7
448757,a,0.55,0.46,0.71
448898,a,0.57,0.47,0.69
448992,a,0.56,0.47,0.7
449257,t,27.593,,
449570,a,0.55,0.48,0.7
449757,a,0.56,0.47,0.7
449898,a,0.56,0.49,0.7
450039,a,0.55,0.49,0.7
450132,a,0.56,0.48,0.69
450257,t,27.625,,
450437,a,0.54,0.49,0.69
450484,a,0.55,0.49,0.69
450531,a,0.56,0.49,0.69
450578,a,0.56,0.49,0.69
450625,a,0.55,0.5,0.69
450671,a,0.55,0.5,0.69
451000,a,0.54,0.51,0.7
451046,a,0.55,0.49,0.7
451140,a,0.55,0.49,0.7
451257,t,27.625,,
451289,a,0.53,0.48,0.71
451382,a,0.57,0.48,0.68
451429,a,0.56,0.5,0.69
451476,a,0.55,0.5,0.71
451523,a,0.56,0.48,0.69
451570,a,0.56,0.49,0.7
452132,a,0.56,0.47,0.7
452179,a,0.56,0.46,0.71
452226,a,0.56,0.47,0.7
452429,a,0.57,0.46,0.69
452664,a,0.56,0.47,0.71
452898,a,0.56,0.47,0.7
452945,a,0.57,0.46,0.7
452992,a,0.56,0.47,0.7
453039,a,0.56,0.47,0.7
453085,a,0.56,0.47,0.71
453257,t,27.625,,
453523,a,0.55,0.49,0.7
453757,a,0.55,0.48,0.69
454132,a,0.55,0.48,0.7
454429,a,0.55,0.48,0.7
454710,a,0.55,0.48,0.7
454898,a,0.55,0.48,0.71
455226,a,0.54,0.49,0.71
455382,a,0.55,0.48,0.7
455523,a,0.54,0.49,0.7
455617,a,0.54,0.48,0.7
455757,a,0.55,0.49,0.7
455945,a,0.55,0.48,0.71
455992,a,0.55,0.48,0.7
456132,a,0.56,0.48,0.7
456289,a,0.55,0.47,0.7
456429,a,0.56,0.46,0.71
456523,a,0.57,0.46,0.7
456804,a,0.59,0.45,0.69
457085,a,0.61,0.38,0.7
457289,a,0.58,0.38,0.75
457523,a,0.59,0.39,0.75
457804,a,0.61,0.37,0.72
458085,a,0.58,0.39,0.75
458179,a,0.58,0.39,0.73
458382,a,0.57,0.41,0.73
458617,a,0.58,0.4,0.72
458804,a,0.56,0.41,0.73
458898,a,0.55,0.44,0.73
459179,a,0.56,0.44,0.73
459382,a,0.55,0.44,0.73
459523,a,0.55,0.45,0.73
459804,a,0.55,0.45,0.72
459992,a,0.53,0.48,0.73
460132,a,0.52,0.43,0.74
460429,a,0.54,0.45,0.72
460664,a,0.53,0.45,0.74
460898,a,0.51,0.42,0.76
461179,a,0.54,0.5,0.72
461382,a,0.56,0.39,0.73
461523,a,0.57,0.39,0.74
461757,a,0.59,0.38,0.73
461945,a,0.6,0.39,0.74
462132,a,0.57,0.39,0.74
462257,t,27.625,,
462382,a,0.55,0.41,0.76
462523,a,0.51,0.39,0.78
462804,a,0.52,0.39,0.78
462992,a,0.55,0.38,0.77
463132,a,0.54,0.39,0.76
463257,t,27.625,,
463570,a,0.52,0.39,0.78
463804,a,0.58,0.38,0.74
463992,a,0.61,0.35,0.71
464257,t,27.625,,
464382,a,0.67,0.3,0.7
464523,a,0.69,0.29,0.69
464664,a,0.69,0.28,0.69
464757,a,0.68,0.26,0.7
464898,a,0.67,0.27,0.72
464992,a,0.68,0.26,0.7
465289,a,0.68,0.24,0.7
465523,a,0.7,0.18,0.71
465757,a,0.72,0.17,0.7
465898,a,0.73,0.16,0.69
465992,a,0.71,0.17,0.71
466289,a,0.76,0.14,0.66
466523,a,0.75,0.16,0.67
466617,a,0.78,0.16,0.62
466757,a,0.83,0.08,0.58
467085,a,0.85,0.0,0.55
467257,t,27.625,,
467382,a,0.89,0.03,0.52
467523,a,0.88,-0.03,0.46
467570,a,0.89,-0.02,0.5
467617,a,1.03,-0.03,0.52
467664,a,0.81,-0.04,0.56
467710,a,0.97,0.08,0.45
467757,a,0.93,0.0,0.4
467804,a,0.98,0.0,0.34
467992,a,0.86,-0.19,-0.24
468132,a,1.21,0.01,0.03
468429,a,0.85,-0.28,-0.02
468664,a,0.82,-0.24,0.14
468992,a,0.81,-0.18,0.21
469132,a,1.31,-0.02,0.1
469382,a,0.95,0.11,0.23
469570,a,0.83,0.27,0.44
469617,a,0.69,0.26,0.46
469664,a,0.63,0.28,0.45
469710,a,0.61,0.27,0.4
469757,a,0.62,0.27,0.39
469804,a,0.61,0.25,0.35
469828,b,1006.54,,
469898,a,0.83,0.2,0.29
470039,a,1.38,0.15,0.28
470257,t,27.625,,
470570,a,1.2,0.05,0.15
470898,a,1.04,0.11,-0.03
471132,a,0.77,0.16,0.11
471429,a,1.06,0.08,0.19
471664,a,0.93,0.11,0.25
471710,a,0.93,0.07,0.27
471757,a,0.97,0.07,0.25
471804,a,1.09,0.06,0.18
471828,b,1006.54,,
471851,a,1.27,0.12,0.05
472296,a,0.85,0.17,0.09
472718,a,1.18,0.0,-0.07
472906,a,0.91,0.22,0.13
473140,a,1.14,0.15,0.09
473390,a,1.14,0.11,0.02
473671,a,0.78,0.16,0.04
473906,a,1.18,0.08,0.06
474140,a,1.03,-0.03,0.0
474257,t,27.562,,
474523,a,1.23,0.09,-0.05
474617,a,1.36,0.32,0.0
474898,a,0.91,0.21,0.0
474992,a,0.78,0.21,0.09
475257,t,27.562,,
475382,a,1.15,0.1,0.07
475570,a,0.91,0.17,0.01
475664,a,0.95,0.14,0.09
475757,a,0.96,0.1,0.11
476039,a,1.09,0.25,0.05
476289,a,0.92,0.17,0.0
476523,a,1.02,0.15,0.04
476617,a,1.15,0.11,0.06
476757,a,1.04,0.07,0.0
476898,a,0.91,0.19,0.02
476992,a,0.97,0.2,0.11
477179,a,1.25,0.11,-0.03
477257,t,27.531,,
477523,a,1.08,0.12,-0.04
477617,a,0.87,0.15,0.02
477898,a,1.11,0.15,-0.06
478226,a,0.88,0.18,0.08
478289,a,0.92,0.17,0.13
478382,a,0.95,0.12,0.14
478710,a,1.14,0.19,-0.07
478898,a,0.91,0.14,-0.05
479132,a,0.95,0.09,0.02
479429,a,0.98,0.03,-0.1
479523,a,0.85,0.2,0.15
479851,a,1.58,0.11,-0.03
480085,a,1.08,0.17,-0.05
480289,a,0.75,0.14,-0.04
480523,a,1.27,0.19,0.07
480757,a,0.95,0.15,0.05
480898,a,0.96,0.16,0.07
481179,a,1.14,0.26,-0.02
481382,a,1.05,0.14,-0.07
481523,a,0.86,0.11,-0.07
481617,a,0.79,0.13,0.01
481898,a,1.2,-0.03,-0.14
482039,a,0.9,0.18,0.06
482132,a,0.9,0.27,0.08
482281,a,1.08,0.06,0.0
482375,a,1.28,0.16,-0.19
482515,a,1.09,0.21,-0.14
482750,a,0.98,0.17,-0.06
482890,a,0.82,0.15,-0.01
482984,a,1.06,0.13,-0.07
483031,a,1.23,0.17,-0.04
483078,a,1.2,0.18,0.04
483257,t,27.468,,
483289,a,0.91,0.08,0.08
483335,a,0.85,0.12,0.04
483343,b,1006.6,,
483382,a,0.85,0.16,0.1
483523,a,1.13,0.07,0.11
483664,a,1.48,0.19,-0.21
483945,a,0.91,0.16,-0.07
484132,a,0.89,0.12,-0.02
484382,a,1.03,0.2,0.06
484617,a,0.83,0.17,0.06
484757,a,0.9,0.13,0.07
484898,a,1.31,0.16,-0.09
484992,a,1.35,0.26,0.04
485257,t,27.437,,
485476,a,0.8,0.15,0.02
485523,a,0.96,0.1,-0.01
485570,a,1.12,0.17,0.0
485617,a,1.08,0.26,0.08
485664,a,1.0,0.23,0.17
485710,a,1.1,0.02,-0.03
485757,a,1.14,-0.06,-0.08
485804,a,1.09,0.01,-0.04
486132,a,1.12,0.05,0.04
486179,a,1.13,0.1,-0.1
486429,a,1.21,0.14,-0.23
486664,a,0.87,0.13,-0.03
486867,b,1006.47,,
487132,a,0.97,0.07,0.0
487257,t,27.406,,
487367,b,1006.5,,
487523,a,1.43,0.19,-0.1
487617,a,0.98,0.26,-0.08
487945,a,0.89,0.23,-0.1
488179,a,1.21,0.03,0.01
488257,t,27.375,,
488570,a,0.99,0.16,0.15
488851,a,1.41,0.25,-0.03
489039,a,1.13,0.1,-0.06
489335,a,0.87,0.07,0.06
489523,a,1.11,0.24,0.09
489804,a,0.88,0.22,0.18
490039,a,1.17,0.16,0.07
490132,a,1.38,0.18,0.04
490429,a,0.9,0.16,0.02
490617,a,0.94,0.08,0.01
490945,a,0.98,0.08,0.02
491179,a,0.9,0.14,0.1
491429,a,1.12,0.22,0.03
491617,a,0.84,0.22,-0.1
491757,a,0.8,0.22,-0.04
492085,a,0.98,0.07,0.05
492257,t,27.343,,
492367,b,1006.53,,
492523,a,1.06,0.13,0.26
492617,a,1.43,0.12,0.2
492945,a,0.89,0.19,0.05
493132,a,0.94,0.08,0.04
493367,b,1006.53,,
493609,a,0.9,0.14,0.2
493656,a,0.87,0.12,0.16
493703,a,0.88,0.09,0.15
493750,a,0.95,0.12,0.11
493796,a,1.04,0.11,0.12
493843,a,1.17,0.09,0.03
494078,a,1.17,0.18,0.11
494125,a,1.11,0.11,-0.01
494382,a,0.9,0.15,-0.01
494523,a,1.38,0.15,0.06
494617,a,1.08,0.03,0.15
494945,a,0.94,0.13,0.17
495132,a,1.13,0.15,0.04
495226,a,1.34,0.32,0.1
495257,t,27.312,,
495257,l,19.28,,
495335,a,1.1,0.35,0.07
495367,b,1006.5,,
495382,a,1.18,0.42,0.03
495804,a,1.2,0.17,-0.01
496476,a,1.45,0.28,-0.12
496664,a,0.94,0.19,-0.16
496945,a,1.01,0.07,-0.12
497226,a,1.04,0.14,-0.07
497367,b,1006.48,,
497429,a,0.89,0.17,0.08
497476,a,0.93,0.19,0.11
497523,a,0.94,0.14,0.08
497570,a,1.08,0.13,0.09
498132,a,0.92,0.14,-0.08
498179,a,0.98,0.18,-0.03
498257,t,27.218,,
498523,a,1.01,0.09,0.1
498710,a,0.98,0.13,0.09
498757,a,0.97,0.14,0.07
498804,a,1.13,0.15,0.03
498851,a,1.12,0.14,-0.03
499179,a,1.04,0.09,-0.1
499226,a,0.99,0.12,-0.11
499382,a,0.86,0.13,-0.1
499664,a,1.03,0.02,-0.04
499945,a,1.07,0.14,0.07
500179,a,1.4,0.27,0.0
500367,b,1006.61,,
500625,a,0.81,0.08,-0.08
500906,a,1.05,0.06,-0.07
501140,a,0.93,0.2,0.09
501375,b,1006.59,,
501617,a,1.21,0.18,-0.12
501664,a,1.12,0.06,-0.18
501710,a,1.01,0.04,-0.15
501757,a,0.97,0.09,-0.06
501804,a,0.96,0.15,-0.08
501875,b,1006.59,,
502179,a,1.16,0.16,0.1
502476,a,0.93,0.21,0.11
502523,a,0.88,0.18,0.1
502804,a,1.17,0.2,-0.06
503039,a,0.9,0.09,-0.08
503257,t,27.156,,
503515,a,0.94,0.02,-0.07
503562,a,0.92,0.07,0.06
503609,a,0.95,0.18,0.12
503656,a,1.02,0.21,0.16
503703,a,1.07,0.18,0.12
503750,a,1.03,0.13,0.1
503796,a,1.04,0.1,0.04
504078,a,1.09,0.26,0.05
504171,a,1.25,0.05,-0.14
504390,b,1006.57,,
504617,a,1.12,0.13,0.0
504757,a,1.08,0.0,-0.11
504890,b,1006.54,,
505132,a,1.14,0.12,0.0
505257,t,27.156,,
505382,a,1.16,0.22,-0.06
505523,a,0.82,0.0,-0.03
505617,a,0.82,0.14,-0.08
505851,a,1.37,0.1,-0.17
505898,a,1.05,0.04,0.0
505906,b,1006.62,,
505945,a,1.03,0.01,0.02
505992,a,1.06,-0.06,-0.05
506039,a,0.94,-0.02,-0.04
507132,a,1.25,0.15,0.1
507179,a,1.11,0.18,0.16
507226,a,1.25,0.09,-0.01
507257,t,27.156,,
507523,a,0.92,0.19,0.14
507617,a,1.09,0.07,0.02
507914,b,1006.49,,
508132,a,0.78,0.11,-0.1
508257,t,27.125,,
508382,a,1.3,0.16,0.07
508523,a,1.01,0.0,-0.04
508617,a,0.8,0.1,0.06
508898,a,1.15,0.09,-0.02
509132,a,1.26,0.2,-0.1
509382,a,0.8,0.05,0.02
509523,a,0.88,0.09,0.03
509570,a,1.05,0.09,0.0
509617,a,1.24,0.11,-0.1
509664,a,1.35,0.16,-0.08
509710,a,1.29,0.26,0.06
509757,a,1.12,0.19,-0.01
509804,a,1.06,0.03,-0.12
510664,a,0.93,0.06,-0.03
510710,a,0.85,0.09,0.01
510757,a,0.88,0.22,0.04
510804,a,0.86,0.14,0.1
510992,a,1.16,0.18,0.06
511132,a,1.01,0.17,-0.08
511257,t,27.125,,
511382,a,0.96,0.2,0.01
511664,a,1.26,0.17,-0.11
511757,a,1.12,0.09,-0.05
511898,a,0.91,0.08,-0.06
512132,a,1.11,0.08,-0.07
512382,a,1.0,-0.01,-0.1
512664,a,1.04,0.06,0.05
512898,a,1.15,0.19,-0.04
513039,a,0.98,0.06,-0.06
513257,t,27.62,,
513757,a,0.9,0.27,0.07
513804,a,0.94,0.23,0.1
513898,a,0.94,0.12,0.07
513992,a,1.11,0.13,-0.13
514132,a,1.15,0.26,0.0
514257,t,27.93,,
514382,a,0.83,0.08,-0.12
514523,a,0.85,0.16,-0.1
514757,a,0.96,0.08,0.14
514898,a,1.03,0.04,0.0
515179,a,0.94,0.16,0.05
515476,a,1.14,0.25,0.06
515664,a,1.14,0.04,-0.04
515945,a,0.72,0.1,0.0
516132,a,1.6,0.15,-0.05
516414,b,1006.45,,
516664,a,0.93,0.09,0.07
516898,a,1.09,0.28,0.0
516992,a,1.16,0.12,-0.14
517289,a,0.97,0.26,0.01
517523,a,1.01,0.31,0.15
517804,a,0.85,0.31,0.22
517992,a,0.88,0.43,0.31
518132,a,0.9,0.27,0.35
518257,t,27.125,,
518414,b,1006.48,,
518523,a,1.02,-0.05,0.24
518664,a,0.98,-0.07,0.22
518757,a,0.93,-0.03,0.11
518898,a,0.82,0.16,0.0
518992,a,1.0,0.26,0.06
519132,a,0.94,0.35,0.17
519257,t,27.125,,
519382,a,0.9,0.41,0.26
519523,a,1.09,0.39,0.58
519664,a,0.64,0.33,0.58
519914,b,1006.45,,
520132,a,0.53,0.32,0.7
520382,a,0.38,0.64,0.85
520617,a,0.43,0.51,0.78
520664,a,0.38,0.48,0.79
520945,a,0.39,0.55,0.78
521132,a,0.39,0.51,0.78
521257,t,27.156,,
521476,a,0.38,0.53,0.77
521617,a,0.38,0.53,0.77
521757,a,0.39,0.52,0.77
522039,a,0.38,0.53,0.78
522257,t,27.156,,
522382,a,0.38,0.53,0.78
522523,a,0.38,0.53,0.77
522664,a,0.37,0.53,0.78
522945,a,0.38,0.54,0.77
522992,a,0.38,0.53,0.77
523039,a,0.38,0.53,0.77
523085,a,0.37,0.54,0.78
523132,a,0.38,0.53,0.76
523335,a,0.38,0.53,0.77
523523,a,0.38,0.53,0.77
523757,a,0.38,0.53,0.77
524039,a,0.38,0.52,0.76
524257,t,27.156,,
524523,a,0.39,0.52,0.78
524757,a,0.4,0.51,0.78
525039,a,0.39,0.52,0.78
525289,a,0.41,0.5,0.78
525523,a,0.42,0.48,0.78
525757,a,0.42,0.5,0.77
526039,a,0.42,0.49,0.77
526257,t,27.187,,
526523,a,0.41,0.53,0.76
526898,a,0.4,0.51,0.77
527132,a,0.4,0.53,0.77
527257,t,27.187,,
527382,a,0.4,0.52,0.77
527664,a,0.4,0.52,0.77
527757,a,0.4,0.53,0.77
527898,a,0.38,0.53,0.77
527992,a,0.38,0.53,0.76
528132,a,0.38,0.54,0.77
528179,a,0.39,0.54,0.76
528226,a,0.38,0.54,0.76
528257,t,27.187,,
528257,l,113.76,,
528289,a,0.38,0.55,0.77
528335,a,0.37,0.54,0.78
528664,a,0.38,0.53,0.77
528757,a,0.38,0.54,0.77
529085,a,0.39,0.53,0.77
529257,t,27.187,,
529523,a,0.39,0.53,0.77
529757,a,0.39,0.53,0.77
529898,a,0.39,0.51,0.78
530226,a,0.38,0.53,0.77
530382,a,0.38,0.54,0.76
530523,a,0.37,0.53,0.76
530617,a,0.37,0.54,0.76
530914,b,1006.54,,
531132,a,0.37,0.55,0.76
531289,a,0.37,0.55,0.77
531414,b,1006.56,,
531710,a,0.36,0.56,0.75
531757,a,0.36,0.56,0.77
531804,a,0.36,0.55,0.76
531851,a,0.38,0.55,0.75
531898,a,0.37,0.58,0.76
531914,b,1006.54,,
532289,a,0.36,0.57,0.76
533085,a,0.37,0.56,0.74
533179,a,0.37,0.57,0.76
533226,a,0.36,0.56,0.76
533414,b,1006.62,,
533664,a,0.38,0.57,0.75
533757,a,0.37,0.56,0.76
533898,a,0.37,0.57,0.75
534179,a,0.37,0.56,0.76
534382,a,0.37,0.56,0.75
534523,a,0.37,0.56,0.76
534804,a,0.37,0.55,0.76
535039,a,0.38,0.55,0.76
535257,t,27.187,,
535382,a,0.38,0.55,0.76
535523,a,0.38,0.55,0.75
535804,a,0.4,0.54,0.76
535992,a,0.39,0.54,0.76
536132,a,0.41,0.52,0.76
538085,a,0.42,0.5,0.79
538179,a,0.45,0.46,0.76
538257,t,27.187,,
538382,a,0.43,0.48,0.78
538523,a,0.45,0.47,0.77
538804,a,0.45,0.48,0.77
539039,a,0.45,0.47,0.78
539132,a,0.45,0.48,0.78
539414,b,1006.59,,
539757,a,0.44,0.48,0.77
539992,a,0.43,0.48,0.77
540289,a,0.43,0.48,0.78
540523,a,0.41,0.47,0.79
540757,a,0.43,0.48,0.79
540992,a,0.42,0.48,0.79
541257,t,27.187,,
541523,a,0.43,0.48,0.78
541757,a,0.43,0.48,0.79
541898,a,0.43,0.49,0.78
542179,a,0.43,0.48,0.77
542382,a,0.43,0.48,0.78
542523,a,0.42,0.5,0.79
542804,a,0.4,0.5,0.78
543039,a,0.4,0.51,0.77
543257,t,27.187,,
543382,a,0.41,0.51,0.77
543523,a,0.41,0.5,0.77
543617,a,0.41,0.51,0.76
543757,a,0.43,0.5,0.76
544085,a,0.43,0.5,0.76
544335,a,0.43,0.5,0.77
544570,a,0.43,0.5,0.76
544617,a,0.41,0.52,0.78
544664,a,0.42,0.51,0.79
544710,a,0.46,0.51,0.75
544757,a,0.44,0.51,0.76
544898,a,0.41,0.51,0.78
545179,a,0.42,0.5,0.76
545382,a,0.42,0.52,0.76
545523,a,0.42,0.52,0.75
545617,a,0.41,0.52,0.76
545804,a,0.41,0.52,0.77
545851,a,0.4,0.53,0.75
545898,a,0.4,0.54,0.75
545914,b,1006.62,,
545945,a,0.42,0.53,0.76
545992,a,0.41,0.53,0.75
546945,a,0.4,0.53,0.76
546992,a,0.41,0.52,0.77
547039,a,0.41,0.54,0.76
547289,a,0.41,0.53,0.76
547523,a,0.4,0.53,0.76
547664,a,0.4,0.54,0.76
547757,a,0.4,0.54,0.75
547898,a,0.4,0.54,0.75
547992,a,0.39,0.54,0.76
548132,a,0.39,0.56,0.75
548429,a,0.36,0.57,0.76
548664,a,0.35,0.58,0.75
548757,a,0.35,0.58,0.76
549085,a,0.34,0.59,0.76
549257,t,27.218,,
549382,a,0.34,0.59,0.75
549523,a,0.34,0.58,0.74
549617,a,0.34,0.58,0.75
549914,b,1006.62,,
550132,a,0.37,0.55,0.77
550335,a,0.38,0.54,0.77
550382,a,0.39,0.53,0.77
550710,a,0.42,0.5,0.77
550898,a,0.43,0.49,0.78
550992,a,0.43,0.48,0.78
551132,a,0.43,0.48,0.77
551414,b,1006.51,,
551523,a,0.44,0.47,0.78
551617,a,0.43,0.48,0.77
551757,a,0.44,0.48,0.78
552039,a,0.43,0.49,0.79
552257,t,27.218,,
552382,a,0.43,0.5,0.77
552523,a,0.43,0.49,0.78
552617,a,0.43,0.49,0.77
552757,a,0.42,0.5,0.78
552898,a,0.43,0.49,0.78
552992,a,0.41,0.5,0.78
553289,a,0.43,0.49,0.77
553476,a,0.42,0.49,0.77
553523,a,0.42,0.49,0.77
553570,a,0.43,0.49,0.77
553617,a,0.42,0.5,0.77
553664,a,0.42,0.5,0.77
553710,a,0.43,0.49,0.78
554179,a,0.43,0.49,0.78
555335,a,0.42,0.5,0.77
555382,a,0.42,0.5,0.77
555414,b,1006.54,,
555523,a,0.42,0.5,0.77
555757,a,0.42,0.5,0.78
555992,a,0.42,0.5,0.77
556132,a,0.43,0.48,0.79
556257,t,27.218,,
556570,a,0.42,0.5,0.78
556851,a,0.42,0.49,0.77
556992,a,0.42,0.5,0.78
557281,a,0.42,0.49,0.76
557375,a,0.42,0.5,0.78
557656,a,0.41,0.51,0.77
557703,a,0.42,0.5,0.77
557750,a,0.41,0.5,0.77
557796,a,0.41,0.51,0.78
557843,a,0.41,0.5,0.78
557890,a,0.41,0.5,0.77
557914,b,1006.54,,
558335,a,0.41,0.51,0.77
558570,a,0.41,0.51,0.78
558664,a,0.41,0.5,0.77
558710,a,0.41,0.5,0.78
559382,a,0.41,0.51,0.78
559414,b,1006.49,,
559570,a,0.4,0.51,0.77
559851,a,0.4,0.51,0.77
560132,a,0.41,0.51,0.78
