{"318": {"job_config": {"cc2650": {"29575": {"burn": "1", "cluster_rsync": "1"}, "28417": {"burn": "1", "cluster_rsync": "1"}, "58243": {"burn": "1", "cluster_rsync": "1"}, "7041": {"burn": "1", "cluster_rsync": "1"}, "45447": {"burn": "1", "cluster_rsync": "1"}, "51078": {"burn": "1", "cluster_rsync": "1"}, "25347": {"burn": "1", "cluster_rsync": "1"}, "22406": {"burn": "1", "cluster_rsync": "1"}, "27398": {"burn": "1", "cluster_rsync": "1"}, "31748": {"burn": "1", "cluster_rsync": "1"}, "39431": {"burn": "1", "cluster_rsync": "1"}, "48007": {"burn": "1", "cluster_rsync": "1"}, "52739": {"burn": "1", "cluster_rsync": "1"}, "43654": {"burn": "1", "cluster_rsync": "1"}, "41219": {"burn": "0", "cluster_rsync": "1"}, "46599": {"burn": "1", "cluster_rsync": "1"}, "47235": {"burn": "1", "cluster_rsync": "1"}, "27648": {"burn": "1", "cluster_rsync": "1"}, "10118": {"burn": "1", "cluster_rsync": "1"}, "11265": {"burn": "1", "cluster_rsync": "1"}}}, "result_id": "318"}}