0.688,-2.861,7.222
0.716,-2.582,6.759
0.798,-2.242,6.387
0.942,-1.877,5.97
1.044,-1.476,5.6
1.167,-1.008,5.303
1.33,-0.511,5.09
1.553,-0.133,4.808
1.694,0.113,4.46
1.776,0.377,4.168
1.835,0.633,3.966
1.859,0.721,3.714
1.842,0.665,3.438
1.693,0.585,3.297
1.436,0.553,3.372
1.116,0.487,3.525
0.833,0.277,3.742
0.616,0.001,3.964
0.552,-0.342,4.226
0.611,-0.699,4.432
0.829,-1.081,4.554
1.215,-1.493,4.584
1.493,-1.842,4.675
1.649,-2.085,4.875
1.998,-2.353,4.954
2.316,-2.783,5
2.823,-3.241,5.365
3.284,-3.715,6.086
3.98,-4.47,6.847
5.045,-5.429,7.28
5.906,-6.361,7.524
6.469,-6.945,7.964
6.887,-7.061,8.91
7.099,-6.709,10.455
7.316,-6.123,12.346
7.791,-5.788,13.872
7.831,-5.611,15.053
7.493,-5.03,16.274
7.155,-4.43,17.067
6.796,-4.088,17.064
6.443,-3.877,16.441
6.274,-3.72,15.395
6.387,-3.676,13.954
6.697,-3.752,12.472
7.058,-3.83,11.34
7.402,-3.88,10.774
7.803,-3.91,10.719
8.275,-3.873,10.98
8.705,-3.746,11.347
9.005,-3.647,11.614
9.216,-3.548,11.73
9.298,-3.481,11.633
9.044,-3.467,11.4
8.319,-3.413,10.884
7.301,-3.269,10.21
6.284,-3.124,9.68
5.425,-3.069,9.187
4.585,-3.016,8.737
3.801,-2.87,8.443
3.135,-2.676,8.25
2.572,-2.553,8.165
2.098,-2.5,8.16
1.72,-2.478,8.297
1.488,-2.505,8.32
1.409,-2.587,8.159
1.36,-2.68,7.849
1.313,-2.71,7.623
1.259,-2.667,7.706
1.33,-2.608,8.328
1.526,-2.6,9.226
1.728,-2.734,9.962
1.776,-2.924,10.578
1.823,-3.058,11.192
1.801,-3.282,11.859
1.791,-3.501,12.495
1.865,-3.673,12.989
1.854,-3.795,13.211
1.722,-3.81,13.198
1.529,-3.84,12.992
1.317,-3.942,12.57
1.063,-4.099,12.098
1.025,-4.195,11.749
1.458,-4.396,11.289
2.353,-4.817,10.876
3.659,-5.164,11.011
5.145,-5.318,11.958
6.536,-5.153,13.68
7.894,-4.93,15.712
9.133,-4.777,17.589
9.886,-4.675,18.65
10.059,-4.496,18.756
9.737,-4.331,17.845
8.963,-4.192,16.054
8.115,-3.986,14.208
7.476,-3.779,12.702
6.878,-3.471,11.681
6.399,-3.114,11.004
6.152,-2.9,10.421
6.028,-2.78,9.84
6.031,-2.728,9.248
5.874,-2.679,8.842
5.601,-2.625,8.579
5.223,-2.649,8.279
4.834,-2.791,8.025
4.484,-2.874,7.893
4.274,-2.899,7.892
4.207,-2.986,7.94
4.296,-3.058,8.1
4.57,-3.004,8.525
4.91,-2.907,9.037
5.181,-2.82,9.523
5.326,-2.727,9.872
5.373,-2.66,10.052
5.234,-2.677,9.972
4.885,-2.717,9.599
4.346,-2.737,8.866
3.814,-2.682,8.055
3.43,-2.593,7.228
3.219,-2.486,6.492
3.028,-2.347,5.959
2.879,-2.167,5.632
2.87,-2.018,5.363
2.92,-1.95,5.05
2.954,-1.901,4.735
2.971,-1.896,4.487
2.969,-1.856,4.255
2.971,-1.805,4.059
2.98,-1.762,3.906
3.052,-1.743,3.811
3.091,-1.75,3.724
3.139,-1.815,3.649
3.175,-1.856,3.627
3.225,-1.888,3.579
3.358,-1.992,3.493
3.499,-2.213,3.453
3.535,-2.429,3.695
3.606,-2.612,4.139
3.743,-2.811,4.657
3.937,-3.035,5.126
4.112,-3.167,5.541
4.209,-3.227,5.794
4.478,-3.351,5.745
4.858,-3.656,5.588
5.276,-3.953,5.601
6.045,-4.207,5.863
7.192,-4.531,6.34
8.592,-4.902,6.911
9.911,-5.271,7.461
10.779,-5.417,8.122
11.231,-5.247,9.138
11.264,-4.804,10.62
10.888,-4.272,12.325
10.231,-3.741,13.99
9.202,-3.265,15.345
7.792,-2.864,16.017
6.293,-2.628,15.911
4.993,-2.6,14.983
3.99,-2.508,13.572
3.403,-2.423,11.943
3.486,-2.366,10.369
4.158,-2.315,9.086
5.174,-2.156,8.111
6.244,-1.887,7.549
7.307,-1.657,7.304
8.225,-1.558,7.335
9.036,-1.726,7.64
9.545,-2.206,8.319
9.748,-2.736,9.166
9.625,-3.216,9.973
9.175,-3.593,10.737
8.373,-3.895,11.265
7.256,-4.076,11.46
6.045,-4.159,11.327
4.973,-4.18,11.054
3.933,-4.13,10.756
3.061,-3.96,10.403
2.438,-3.785,9.911
2.132,-3.705,9.427
1.982,-3.636,8.938
1.873,-3.63,8.441
1.722,-3.657,7.997
1.609,-3.654,7.716
1.578,-3.657,7.689
1.707,-3.666,7.916
1.963,-3.659,8.318
2.135,-3.619,8.615
2.148,-3.563,8.858
2.115,-3.515,9.023
2.129,-3.459,9.123
2.077,-3.369,9.232
2.038,-3.297,9.242
2.017,-3.26,9.208
2.045,-3.154,9.324
2.183,-2.975,9.477
2.464,-2.841,9.534
2.792,-2.737,9.524
3.155,-2.697,9.546
3.537,-2.71,9.587
4.006,-2.886,9.55
4.478,-3.227,9.547
5.022,-3.738,9.619
5.705,-4.465,9.769
6.699,-5.051,9.526
8.028,-5.603,9.157
9.461,-5.923,9.224
10.735,-5.946,9.95
11.8,-5.745,11.189
12.616,-5.389,12.683
12.836,-4.898,14.336
12.222,-4.335,16.009
10.667,-4.116,17.233
8.721,-4.416,17.563
6.563,-4.869,17.172
4.644,-5.099,16.161
3.268,-5.123,14.756
2.847,-4.928,13.159
3.311,-4.635,11.858
4.363,-4.419,11.078
5.602,-4.169,10.816
6.823,-3.961,10.753
7.776,-3.845,10.549
8.29,-3.711,10.214
8.561,-3.596,9.79
8.757,-3.577,9.339
8.957,-3.643,9.048
9.233,-3.743,9.025
9.356,-3.887,9.354
9.018,-3.998,9.954
8.346,-4.195,10.691
7.494,-4.422,11.27
6.574,-4.737,11.487
5.605,-4.973,11.357
4.752,-5.129,11.005
3.933,-5.03,10.432
3.277,-4.781,9.772
2.806,-4.362,9.043
2.477,-3.889,8.446
2.207,-3.486,7.869
2.025,-3.167,7.174
1.914,-2.935,6.297
1.878,-2.652,5.283
1.835,-2.299,4.223
1.715,-1.863,3.042
1.524,-1.312,2.087
1.311,-0.748,1.461
1.079,-0.233,1.109
0.91,0.109,1.002
0.924,0.321,0.985
1.069,0.352,1
1.226,0.211,0.973
1.344,0.034,0.952
1.523,-0.011,0.958
1.655,-0.073,0.966
1.73,-0.114,1.089
1.745,-0.179,1.379
1.825,-0.378,1.74
2.049,-0.758,1.923
2.337,-1.114,1.913
2.559,-1.469,2.002
2.756,-1.74,2.341
2.967,-2.091,3.123
3.25,-2.639,4.339
3.677,-3.435,5.65
4.242,-4.436,6.896
5.048,-5.349,8.049
5.921,-6.233,8.622
6.886,-6.986,8.231
7.512,-7.442,7.489
7.737,-7.578,7.226
7.976,-7.611,7.731
8.364,-7.75,8.916
8.718,-8.043,10.645
8.776,-8.284,13.209
8.585,-8.493,16.299
7.722,-8.587,19.423
6.185,-8.346,21.438
4.34,-7.623,22.011
2.836,-6.617,21.153
2.169,-5.72,19.362
2.724,-5.261,16.911
4.279,-5.167,14.524
6.178,-5.021,12.549
8.017,-4.733,11.272
9.552,-4.348,10.859
10.576,-4.05,11.087
10.938,-3.965,11.697
10.413,-4.101,12.322
9.314,-4.36,12.74
7.882,-4.747,12.854
6.467,-5.098,12.612
5.156,-5.206,12.175
4.069,-4.902,11.474
3.445,-4.436,10.698
3.339,-3.984,9.908
3.523,-3.716,9.27
3.775,-3.548,8.932
4.2,-3.399,8.85
4.737,-3.23,8.843
5.266,-3.035,8.896
5.807,-2.755,8.937
6.326,-2.505,8.774
6.646,-2.39,8.476
6.71,-2.317,8.186
6.743,-2.177,8.096
6.818,-1.973,8.355
6.869,-1.835,8.648
6.83,-1.821,8.727
6.593,-1.797,8.545
6.214,-1.692,8.252
5.839,-1.598,7.788
5.555,-1.677,7.138
5.241,-1.769,6.445
4.894,-1.777,5.863
4.475,-1.682,5.565
4.09,-1.54,5.475
3.842,-1.401,5.585
3.866,-1.257,5.801
4.122,-1.15,6.038
4.395,-1.093,6.204
4.601,-1.046,6.178
4.577,-1.098,5.978
4.303,-1.132,5.779
3.98,-1.171,5.542
3.768,-1.469,5.093
3.653,-1.976,4.567
3.553,-2.427,4.017
3.523,-2.995,3.469
3.378,-3.751,3.066
3.056,-4.467,3.555
2.719,-5.003,5.431
2.415,-5.637,8.439
2.355,-6.279,11.961
1.993,-6.708,14.926
1.19,-6.736,16.522
0.134,-6.323,16.744
-0.855,-5.707,15.812
-1.39,-5.178,14.127
-1.55,-4.754,12.165
-1.295,-4.277,10.374
-0.661,-3.83,9.185
0.295,-3.6,8.449
1.471,-3.614,8.258
2.639,-3.752,8.501
3.729,-3.994,8.992
4.742,-4.193,9.633
5.55,-4.344,10.333
6.155,-4.463,11.13
6.526,-4.451,12.173
6.63,-4.358,13.287
6.397,-4.296,14.181
5.844,-4.096,14.681
5.186,-3.691,15.025
4.567,-3.015,15.564
4.326,-2.25,15.888
4.578,-1.541,15.812
4.792,-0.877,15.34
4.662,-0.134,14.561
4.474,0.572,13.649
4.742,1.125,12.793
5.26,1.529,12.282
5.702,1.648,12.056
5.945,1.468,12.104
5.961,0.931,12.394
5.63,0.163,12.669
5.135,-0.651,12.644
4.511,-1.415,12.33
3.964,-2.217,11.757
3.583,-3.035,11.122
3.408,-3.769,10.561
3.403,-4.246,10.103
3.501,-4.514,9.881
3.903,-4.737,9.768
4.319,-4.891,9.672
4.591,-4.938,9.348
4.695,-4.871,8.8
4.776,-4.647,8.175
4.828,-4.276,7.508
4.861,-3.851,6.807
4.948,-3.375,5.992
5.13,-2.956,5.071
5.285,-2.621,4.055
5.387,-2.31,3.172
5.415,-1.891,2.445
5.345,-1.395,1.891
5.22,-0.916,1.467
5.127,-0.49,1.253
5.117,-0.121,1.155
5.216,0.034,1.063
5.497,0.009,0.982
5.886,-0.24,0.848
6.374,-0.812,0.571
6.945,-1.552,-0.057
7.374,-2.412,-0.629
7.543,-3.308,-0.542
7.588,-4.171,0.202
7.568,-5.194,1.739
7.521,-6.626,3.938
7.584,-8.103,6.978
7.697,-8.986,11.178
7.201,-8.738,14.836
5.677,-7.516,17.246
4.777,-6.277,18.605
4.739,-5.602,18.417
5.143,-5.35,16.9
5.706,-5.24,14.669
6.621,-5.076,11.996
7.501,-4.989,9.355
8.158,-4.958,7.02
8.835,-4.916,5.412
9.786,-4.857,4.596
10.855,-4.884,4.38
11.833,-5.042,4.503
12.611,-5.246,4.929
13.134,-5.479,5.493
13.331,-5.756,6.295
13.194,-6.044,7.226
12.63,-6.267,7.983
11.698,-6.591,8.721
10.74,-6.829,9.536
9.669,-6.989,10.023
8.622,-7.133,10.205
7.745,-7.211,10.086
6.915,-7.306,9.638
6.045,-7.327,8.688
5.374,-7.199,7.54
5.052,-6.9,6.646
5.15,-6.426,6.078
5.824,-5.931,5.913
6.739,-5.336,6.099
7.67,-4.764,6.406
8.505,-4.447,6.748
9.387,-4.104,7.237
10.303,-3.558,7.875
11.125,-3.004,8.487
11.77,-2.491,8.822
12.181,-2.015,8.99
12.421,-1.637,9.016
12.512,-1.303,8.934
12.414,-1.138,8.757
12.231,-1.209,8.614
12.085,-1.358,8.559
11.977,-1.503,8.594
12.095,-1.64,8.718
12.64,-1.905,8.683
13.329,-2.23,8.276
13.783,-2.467,7.441
13.827,-2.442,6.328
13.66,-2.302,5.309
13.212,-2.216,4.595
12.579,-2.365,4.305
11.825,-2.664,4.468
11.092,-2.955,4.987
10.31,-3.161,5.621
9.64,-3.425,6.039
9.05,-3.781,6.215
8.39,-4.094,6.271
7.687,-4.24,6.251
6.957,-4.282,5.98
6.12,-4.24,5.564
5.22,-4.122,5.061
4.28,-3.988,4.486
3.289,-3.907,3.754
2.407,-3.796,3.018
1.562,-3.675,2.343
0.696,-3.572,1.745
-0.143,-3.403,1.312
-1.198,-3.142,1.228
-2.311,-2.772,1.645
-3.315,-2.29,2.694
-4.144,-1.751,4.567
-4.323,-1.084,6.802
-3.76,-0.429,8.9
-2.672,0.052,10.26
-0.72,0.438,10.889
0.942,0.802,10.603
1.6,1.169,9.576
0.833,1.443,8.169
-0.69,1.422,6.899
-2.427,0.993,5.815
-4.194,0.48,5.008
-5.676,0.165,4.644
-6.8,0.205,5.258
-7.296,0.615,7.219
-6.714,1.27,9.09
-5.754,1.162,10.189
-4.73,0.619,10.695
-4.011,0.321,11.008
-3.814,0.134,11.3
-3.682,-0.078,11.357
-3.371,-0.336,11.029
-3.136,-0.409,10.531
-3.346,-0.171,10.515
-3.421,-0.102,10.808
-3.066,-0.404,11.155
-2.549,-0.869,11.443
-2.148,-1.224,11.869
-1.81,-1.43,12.368
-1.312,-1.488,13.136
-0.611,-1.483,14.072
0.382,-1.592,14.884
1.835,-1.96,15.244
3.463,-2.347,15.196
5.248,-2.59,14.856
6.835,-2.833,14.274
8.163,-3.211,13.065
8.686,-3.729,11.503
8.309,-4.004,10.009
7.445,-4.104,9.105
6.868,-4.147,8.929
6.621,-4.075,9.573
6.563,-3.845,10.765
6.556,-3.534,12.386
6.264,-3.252,13.808
5.513,-2.941,14.663
4.636,-2.627,14.979
4.057,-2.37,14.861
3.566,-2.247,14.07
3.289,-2.594,12.346
3.932,-3.337,10.478
4.798,-3.88,8.722
5.172,-4.004,7.079
5.087,-3.793,5.558
5.022,-3.491,4.267
5.392,-3.163,3.37
5.915,-2.947,2.756
6.637,-2.764,2.533
7.374,-2.51,2.514
8.001,-2.24,2.5
8.596,-1.797,2.512
8.944,-1.198,2.768
9.054,-0.551,3.668
8.887,0.027,5.329
8.717,0.173,7.116
8.315,-0.171,8.507
7.563,-0.933,9.364
6.582,-1.799,9.674
5.522,-2.506,9.601
4.538,-3.023,9.299
3.775,-3.444,8.693
3.669,-3.788,8.141
4.033,-3.925,7.58
4.617,-3.79,7.037
5.214,-3.437,6.51
5.756,-3.007,5.992
6.207,-2.66,5.539
6.812,-2.406,5.296
7.578,-2.156,5.095
8.407,-1.945,4.984
9.073,-1.744,4.978
9.993,-1.651,5.365
11.159,-1.967,6.135
12.033,-2.462,7.122
12.386,-3.016,8.512
12.185,-3.351,9.926
11.589,-3.497,11.185
10.958,-3.525,12.223
10.363,-3.586,12.983
9.808,-3.605,13.568
9.133,-3.569,13.971
8.443,-3.483,14.114
7.771,-3.32,14.005
7.505,-3.288,13.589
7.524,-3.632,12.799
8.001,-4.23,12.099
8.562,-4.781,11.111
9.105,-5.228,9.988
9.536,-5.615,9.276
9.797,-5.775,9.394
10.009,-5.677,10.49
10.149,-5.366,12.177
10.098,-4.939,13.718
9.402,-4.436,14.701
8.219,-4.001,14.855
7.864,-3.887,14.789
7.647,-4.049,14.066
7.17,-4.128,12.936
6.722,-4.044,11.661
6.493,-3.861,10.524
6.494,-3.684,9.555
6.69,-3.478,8.672
6.976,-3.313,7.853
7.268,-3.103,7.148
7.566,-2.886,6.48
7.923,-2.7,6.025
8.428,-2.638,6.029
8.946,-2.723,6.501
9.352,-2.881,7.292
9.572,-2.971,8.189
9.568,-3.026,8.876
9.298,-3.004,9.444
8.969,-2.969,9.781
8.621,-2.955,9.732
8.185,-2.993,9.303
7.78,-2.96,8.649
7.416,-2.823,7.968
7.124,-2.666,7.232
6.965,-2.509,6.502
6.915,-2.363,5.821
6.868,-2.22,5.188
6.859,-2.033,4.592
6.793,-1.903,3.967
6.577,-1.742,3.38
6.313,-1.439,2.9
6.064,-1.095,2.562
5.878,-0.738,2.31
5.705,-0.45,2.049
5.661,-0.28,1.793
5.663,-0.227,1.555
5.641,-0.17,1.295
5.557,-0.057,1.036
5.343,0.085,0.753
5.058,0.295,0.434
4.735,0.439,0.177
4.319,0.455,0.083
3.9,0.241,0.111
3.507,-0.05,0.37
3.254,-0.36,0.86
3.176,-0.749,1.418
3.596,-1.247,1.751
4.319,-1.748,1.972
5.174,-2.079,2.36
5.939,-2.371,2.782
6.341,-2.746,3.308
6.325,-3.144,4.2
5.961,-3.56,5.499
5.318,-3.924,7.025
4.456,-4.088,8.504
3.614,-4.017,9.78
2.89,-3.899,10.502
2.185,-3.757,10.772
1.873,-3.665,10.723
1.8,-3.37,10.474
1.915,-2.977,10.121
1.992,-2.57,9.525
2.067,-2.27,8.693
2.214,-2.189,8.213
2.534,-2.488,8.221
3.268,-3.334,8.708
4.171,-4.179,9.322
5.15,-4.691,9.858
6.142,-4.878,10.266
7.023,-4.777,10.725
7.746,-4.473,11.161
8.324,-4.106,11.463
8.732,-3.72,11.556
8.846,-3.333,11.419
8.641,-2.902,10.969
8.156,-2.578,10.248
7.538,-2.38,9.59
6.914,-2.274,9.105
6.38,-2.332,8.617
6.022,-2.494,8.219
5.857,-2.673,7.668
5.555,-2.997,6.916
5.117,-3.324,6.357
4.712,-3.499,6.208
4.383,-3.523,6.442
4.131,-3.467,6.888
3.894,-3.316,7.351
3.725,-3.102,7.63
3.789,-2.85,7.784
4.125,-2.784,7.642
4.512,-2.935,7.307
4.681,-2.947,7.131
4.694,-2.852,7.505
4.855,-2.85,8.251
5.132,-3.059,8.982
5.31,-3.272,9.754
5.423,-3.437,10.472
5.415,-3.63,11.008
5.315,-3.9,11.248
5.307,-4.275,11.247
5.467,-4.821,10.951
5.974,-5.61,10.194
6.784,-6.7,9.229
7.689,-8.061,8.136
8.589,-9.389,7.272
9.254,-10.309,6.736
9.551,-10.546,6.573
9.734,-9.982,6.903
9.993,-8.896,7.714
10.401,-7.754,8.732
10.74,-6.915,9.705
10.615,-6.372,10.443
9.894,-6.115,10.856
8.555,-6.127,10.789
7.167,-6.141,10.462
5.973,-6.082,10.045
5.159,-6.061,9.739
4.53,-6.109,9.505
4.267,-6.225,9.385
4.152,-6.657,9.207
4.189,-7.339,8.884
4.338,-8.015,8.37
4.517,-8.683,7.74
4.657,-9.223,7.094
4.815,-9.609,6.562
5.032,-9.791,6.18
5.315,-9.839,5.917
5.762,-9.736,5.839
6.314,-9.431,5.899
6.898,-8.984,6.071
7.487,-8.497,6.35
7.99,-8.048,6.707
8.392,-7.706,6.982
8.689,-7.397,7.099
8.884,-7.232,6.958
8.861,-7.224,6.655
8.596,-7.298,6.227
8.134,-7.41,5.76
7.688,-7.606,5.234
7.207,-7.877,4.658
6.741,-8.077,4.048
6.315,-8.132,3.53
5.922,-8.031,3.157
5.543,-7.785,2.837
5.228,-7.497,2.529
5.056,-7.229,2.206
5.048,-7.09,1.89
5.231,-7.028,1.795
5.669,-7.101,1.88
6.208,-7.286,2.159
6.685,-7.451,2.687
7.118,-7.623,3.519
7.515,-7.875,4.704
7.916,-8.009,6.157
8.382,-7.982,7.851
9.03,-8.206,9.325
10.13,-9.046,10.248
11.367,-10.482,10.366
12.46,-12.37,9.791
13.017,-14.494,8.655
12.583,-16.271,7.487
11.246,-17.164,6.818
9.639,-16.802,6.78
7.986,-15.267,6.991
7.033,-12.782,7.829
7.67,-10.013,9.354
9.586,-7.682,11.022
11.633,-5.807,12.376
13.786,-4.275,13.015
15.164,-3.345,12.844
15.25,-3.31,11.867
14.666,-4.506,10.347
14.439,-6.426,8.781
14.334,-7.714,7.327
13.562,-8.013,6.031
12.3,-7.924,4.707
10.997,-7.592,3.377
9.728,-7.014,2.453
8.495,-6.297,2.068
7.496,-5.698,2.158
6.854,-5.245,2.477
6.461,-4.953,3.055
6.117,-4.777,4.07
5.873,-4.653,5.284
5.748,-4.629,6.467
5.577,-4.588,7.534
5.379,-4.538,8.48
5.184,-4.467,9.085
4.943,-4.386,9.101
4.753,-4.32,8.632
4.492,-4.214,7.897
4.064,-3.962,7.118
3.64,-3.596,6.351
3.292,-3.193,5.652
3.029,-2.782,5.03
2.659,-2.308,4.65
2.395,-1.802,4.354
2.629,-1.272,4.047
3.233,-0.709,3.657
4.142,-0.092,3.017
5.254,0.619,2.294
6.35,1.672,1.654
7.334,3.043,1.161
7.679,4.392,0.708
7.586,5.269,0.088
7.008,5.594,-0.21
6.804,4.962,-0.32
6.655,3.965,0.197
6.457,3.118,1.282
6.219,2.57,2.437
5.643,2.474,3.474
5.084,2.604,4.23
4.761,2.82,5.083
4.669,2.96,5.999
4.83,2.782,6.809
5.054,2.43,7.338
5.088,2.178,7.503
4.88,2.011,7.618
4.584,1.729,8.108
4.42,1.182,9.418
4.439,0.395,11.248
4.52,-0.318,13.213
4.41,-0.807,14.714
4.034,-0.981,15.613
3.425,-0.999,15.883
2.695,-1.022,15.402
1.987,-1.084,14.262
1.336,-1.129,12.764
0.564,-1.089,11.136
-0.289,-0.959,9.664
-1.114,-0.786,8.488
-1.788,-0.568,7.645
-2.259,-0.403,6.952
-2.536,-0.362,6.333
-2.688,-0.389,5.783
-2.647,-0.526,5.112
-2.483,-0.813,4.514
-2.245,-1.168,4.302
-1.795,-1.667,4.92
-1.019,-2.27,6.121
-0.343,-2.934,7.56
-0.064,-3.56,9.074
-0.101,-3.897,10.565
-0.165,-4.028,11.776
-0.197,-4.086,12.306
-0.205,-4.106,12.18
-0.083,-4.046,11.459
0.178,-4.039,10.426
0.306,-3.909,9.718
0.508,-3.627,9.475
0.819,-3.307,9.489
1.186,-3.026,9.414
1.582,-2.905,9.014
2.05,-2.959,8.353
2.609,-3.088,7.996
3.126,-3.221,8.245
3.536,-3.379,9.12
3.509,-3.575,10.539
3.364,-3.846,12.234
3.141,-4.151,13.738
2.751,-4.381,14.726
2.291,-4.623,14.958
1.988,-4.876,14.472
1.748,-4.964,13.548
1.658,-4.892,12.844
2.023,-4.935,12.614
2.598,-5.039,12.869
3.182,-5.107,13.396
3.775,-5.189,13.883
4.377,-5.442,14.197
4.975,-5.794,14.542
5.36,-6.122,14.985
5.538,-6.215,15.778
5.752,-6.121,16.671
6.518,-6.108,17.113
7.426,-6.147,16.919
8.41,-6.161,16.297
9.418,-6.185,15.632
10.34,-6.293,15.158
11.025,-6.415,15.059
11.136,-6.394,15.335
10.619,-6.157,15.859
9.46,-5.629,16.528
7.899,-5.038,17.138
6.555,-4.626,17.388
5.593,-4.354,17.118
5.175,-4.129,16.418
5.321,-3.991,15.323
5.9,-3.909,13.948
6.508,-3.788,12.523
6.906,-3.47,11.478
7.191,-3.1,10.722
7.502,-2.873,10.003
7.675,-2.895,9.213
7.626,-2.924,8.322
7.317,-2.908,7.54
6.936,-2.849,6.776
6.506,-2.735,6.199
6.079,-2.417,5.992
5.866,-2.033,5.993
5.868,-1.722,6.09
5.915,-1.448,6.222
5.898,-1.251,6.247
5.797,-1.208,6.204
5.57,-1.25,6.094
5.052,-1.317,5.977
4.369,-1.442,5.839
3.688,-1.561,5.602
2.86,-1.682,5.468
2.05,-1.753,5.417
1.361,-1.799,5.466
0.853,-1.774,5.554
0.53,-1.662,5.613
0.398,-1.477,5.578
0.364,-1.259,5.369
0.41,-1.037,5.024
0.498,-0.805,4.656
0.747,-0.571,4.19
0.9,-0.273,3.838
0.933,0.025,3.592
1.281,0.198,3.226
1.594,0.277,2.901
1.649,0.403,2.8
1.457,0.536,3.066
1.025,0.595,3.768
0.446,0.442,4.829
-0.065,0.232,5.901
-0.304,0.126,6.885
-0.247,0.226,7.455
0.033,0.49,7.615
0.321,0.737,7.572
0.726,0.923,7.424
1.244,1.071,7.496
1.752,1.236,7.82
2.434,1.06,8.175
3.035,0.63,8.917
3.314,0.205,10.335
3.333,-0.096,12.233
3.484,-0.321,14.325
3.857,-0.312,16.052
4.126,-0.065,17.162
4.198,0.351,17.301
4.199,0.785,16.535
4.188,1.064,15.184
4.21,1.156,13.872
4.222,1.222,13.18
4.148,1.398,13.199
3.997,1.556,13.819
3.753,1.675,14.533
3.421,1.822,14.785
3.216,1.899,14.349
3.012,1.863,13.153
2.763,1.812,11.824
2.5,1.834,10.732
2.148,1.852,10.034
1.825,1.783,9.645
1.586,1.686,9.654
1.495,1.539,10.158
1.464,1.302,11.021
1.489,1.033,11.987
1.603,0.783,12.97
1.72,0.552,13.857
1.94,0.339,14.328
2.03,0.244,14.194
2.002,0.296,13.513
1.937,0.438,12.473
1.821,0.6,11.297
1.739,0.779,10.146
1.788,0.959,9.072
1.732,1.016,8.121
1.581,0.993,7.326
1.265,1.054,6.762
0.991,1.103,6.303
0.806,1.091,6.047
0.794,1.035,6.074
0.85,0.853,6.546
1.159,0.559,7.136
1.475,0.368,7.674
1.745,0.467,8.142
1.981,0.488,8.188
2.004,0.335,8.225
1.329,0.127,8.135
1.3,-0.461,8.368
1.989,-0.828,8.585
1.409,-0.988,8.859
1.737,-1.406,9.392
2.341,-1.774,10.305
2.766,-2.066,11.745
3.292,-2.006,13.478
4.27,-1.708,15.162
4.77,-1.332,16.024
4.819,-0.731,16.309
4.868,-0.258,15.956
4.894,-0.244,14.812
4.882,-0.574,13.706
4.758,-0.892,13.326
4.874,-1.146,13.341
5.166,-1.31,13.412
5.628,-1.562,14.067
6.778,-1.854,15.694
6.647,-1.183,16.719
5.607,0.042,16.56
4.716,0.76,15.614
4.557,0.761,14.151
4.371,0.638,12.145
4.073,0.51,10.174
3.083,0.456,8.873
1.206,-0.61,8.505
2.761,0.118,8.506
2.498,1.243,8.994
1.945,1.791,8.903
1.475,1.717,8.889
1.514,1.292,9.408
2.017,0.773,10.096
2.925,0.485,10.48
3.783,0.527,10.357
4.231,0.694,9.932
4.295,0.986,9.442
3.978,1.35,8.87
3.536,1.721,8.441
2.67,1.582,8.967
2.102,1.455,6.961
2.115,1.547,6.252
1.752,1.923,6.056
1.496,2.171,6.07
1.002,2.514,6.71
0.335,2.774,7.436
-0.101,2.83,8.052
-0.13,2.642,8.353
0.102,2.36,8.438
0.293,2.044,8.598
0.504,1.791,8.761
0.727,1.672,8.797
0.918,1.553,8.855
0.996,1.532,8.843
1.017,1.624,8.781
1.024,1.772,8.614
1.052,1.948,8.378
1.16,2.074,8.135
1.25,2.099,7.85
1.288,2.05,7.664
1.173,2.004,7.522
0.92,1.912,7.439
0.656,1.815,7.47
0.483,1.547,7.719
0.41,1.326,8.042
0.309,1.152,8.382
0.189,1.16,8.816
0.119,1.308,9.235
0.122,1.605,9.688
0.155,1.928,10.206
0.301,2.142,10.692
0.56,2.193,11.008
0.664,2.144,11.3
0.813,2.066,11.664
1.151,1.838,12.027
1.783,1.487,12.334
2.62,1.039,12.838
3.162,0.528,13.353
2.756,0.2,13.762
1.529,0.262,14.055
0.288,0.631,14.514
-1.052,1.083,14.667
-1.679,1.377,14.45
-1.647,1.417,13.91
-1.119,1.123,13.152
-0.532,0.692,12.372
-0.204,0.412,11.748
-0.449,0.259,11.304
-1.211,0.22,11.061
-2.052,0.228,10.906
-2.554,0.186,10.701
-2.689,0.072,10.437
-2.462,0.023,10.122
-2.182,0.009,9.799
-2.007,0.094,9.439
-1.829,0.287,9.162
-1.658,0.469,8.98
-1.501,0.618,8.932
-1.348,0.694,9.026
-1.135,0.645,9.299
-1.003,0.551,9.769
-0.87,0.427,10.278
-0.681,0.207,10.827
-0.483,-0.061,11.265
-0.328,-0.395,11.595
-0.296,-0.653,11.742
-0.43,-0.842,11.8
-0.618,-0.965,11.733
-0.835,-1.067,11.514
-0.93,-1.108,11.173
-0.91,-1.166,10.681
-0.852,-1.168,10.153
-0.815,-1.135,9.7
-0.748,-1.125,9.346
-0.649,-1.142,9.172
-0.639,-1.189,9.209
-0.71,-1.198,9.401
-0.812,-1.164,9.716
-0.874,-1.115,10.065
-0.88,-1.005,10.5
-0.76,-0.909,10.865
-0.593,-0.851,11.119
-0.338,-0.803,11.276
0.006,-0.745,11.326
0.292,-0.76,11.175
0.37,-0.761,10.947
0.269,-0.668,10.663
0.004,-0.522,10.414
-0.153,-0.44,10.289
-0.202,-0.416,10.317
-0.121,-0.44,10.464
-0.068,-0.504,10.655
-0.027,-0.51,10.894
-0.033,-0.495,11.045
0.025,-0.427,11.126
0.12,-0.325,11.115
0.216,-0.252,10.965
0.256,-0.148,10.771
0.295,-0.012,10.6
0.293,0.055,10.395
0.294,0.112,10.251
0.296,0.067,10.176
0.266,0,10.162
0.093,-0.114,10.238
-0.142,-0.178,10.388
-0.304,-0.255,10.545
-0.401,-0.285,10.637
-0.382,-0.252,10.61
-0.289,-0.201,10.503
-0.074,-0.057,10.384
0.12,0.092,10.236
0.272,0.299,10.098
0.344,0.442,10.027
0.379,0.548,9.988
0.33,0.565,10.046
0.293,0.534,10.112
0.287,0.4,10.219
0.215,0.213,10.376
0.113,0.025,10.659
-0.033,-0.084,10.929
-0.123,-0.257,11.117
-0.163,-0.402,11.211
-0.186,-0.493,11.204
-0.222,-0.516,11.136
-0.295,-0.452,11.032
-0.415,-0.321,10.956
-0.532,-0.17,10.871
-0.513,-0.049,10.77
-0.489,-0.019,10.57
-0.392,0.009,10.409
-0.295,-0.036,10.238
-0.228,-0.037,10.205
-0.245,-0.038,10.289
-0.374,0.027,10.374
-0.592,0.225,10.311
-0.789,0.38,10.328
-0.87,0.475,10.388
-0.917,0.527,10.321
-0.918,0.545,10.348
-0.876,0.521,10.391
-0.823,0.481,10.431
-0.79,0.406,10.411
-0.813,0.368,10.263
-0.899,0.366,10.18
-1.045,0.438,10.161
-1.102,0.475,10.147
-1.172,0.423,10.176
-1.259,0.316,10.366
-1.313,0.24,10.728
-1.353,0.119,11.01
-1.319,-0.006,11.185
-1.357,-0.073,11.426
-1.4,-0.021,11.48
-1.397,0.039,11.429
-1.362,0.112,11.38
-1.247,0.113,11.213
-1.082,0.164,11.035
-1.062,0.21,10.805
-0.966,0.352,10.497
-0.833,0.523,10.269
-0.829,0.609,10.084
-0.821,0.694,10.013
-0.935,0.704,9.988
-1.058,0.654,9.93
-1.146,0.591,9.988
-1.217,0.566,10.077
-1.262,0.639,10.159
-1.287,0.686,10.171
-1.331,0.743,10.217
-1.408,0.839,10.202
-1.469,0.868,10.17
-1.488,0.866,10.158
-1.493,0.814,10.147
-1.387,0.778,10.218
-1.394,0.747,10.517
-1.412,0.797,10.729
-1.363,0.705,10.759
-1.301,0.609,10.661
-1.525,0.609,10.572
-1.849,0.703,10.582
-1.989,0.811,10.632
-1.939,0.853,10.588
-1.781,0.938,10.523
-1.515,1.029,10.395
-1.375,1.163,10.246
-1.439,1.264,10.275
-1.536,1.319,10.381
-1.638,1.258,10.424
-1.761,1.027,10.551
-1.891,0.771,10.701
-2.038,0.703,10.822
-2.102,0.749,10.729
-2.106,0.906,10.443
-2.192,1.169,9.187
-2.123,1.292,8.694
-1.759,1.097,9.162
-1.884,0.955,9.948
-2.237,0.881,10.594
-2.605,0.649,10.668
-2.745,0.571,10.389
-2.618,0.654,10.024
-2.537,0.798,9.987
-2.291,0.882,9.913
-2.019,0.77,9.871
-1.94,0.637,9.878
-1.994,0.528,10.017
-2.035,0.472,10.174
-1.912,0.466,10.319
-1.755,0.503,10.358
-1.634,0.565,10.333
-1.664,0.531,10.348
-1.746,0.49,10.582
-1.799,0.505,10.837
-1.777,0.499,10.895
-1.825,0.469,10.803
-1.771,0.396,10.673
-1.713,0.364,10.482
-1.713,0.449,10.351
-1.704,0.576,10.277
-1.606,0.63,10.248
-1.501,0.625,10.332
-1.43,0.577,10.517
-1.376,0.535,10.598
-1.372,0.542,10.571
-1.451,0.566,10.529
-1.457,0.572,10.464
-1.434,0.571,10.357
-1.391,0.566,10.351
-1.318,0.541,10.405
-1.27,0.533,10.541
-1.241,0.548,10.628
-1.226,0.582,10.614
-1.227,0.585,10.573
-1.211,0.607,10.487
-1.22,0.567,10.408
-1.201,0.509,10.319
-1.199,0.488,10.33
-1.221,0.52,10.442
-1.21,0.564,10.614
-1.1,0.522,10.698
-0.977,0.486,10.703
-0.82,0.464,10.705
-0.686,0.469,10.618
-0.604,0.522,10.585
-0.628,0.578,10.543
-0.66,0.63,10.493
-0.708,0.645,10.541
-0.695,0.619,10.583
-0.619,0.622,10.614
-0.562,0.601,10.569
-0.482,0.558,10.51
-0.476,0.567,10.378
-0.51,0.579,10.285
-0.522,0.597,10.212
-0.527,0.634,10.167
-0.437,0.639,10.132
-0.371,0.658,10.115
-0.381,0.725,10.184
-0.438,0.794,10.256
-0.494,0.827,10.327
-0.511,0.774,10.423
-0.495,0.711,10.463
-0.46,0.606,10.431
-0.415,0.514,10.421
-0.424,0.523,10.455
-0.452,0.579,10.487
-0.422,0.661,10.429
-0.355,0.707,10.368
-0.271,0.703,10.296
-0.282,0.727,10.281
-0.37,0.744,10.219
-0.434,0.725,10.152
-0.441,0.695,10.123
-0.428,0.695,10.115
-0.407,0.689,10.074
-0.474,0.679,10.074
-0.553,0.677,10.135
-0.606,0.645,10.113
-0.55,0.59,10.202
-0.477,0.508,10.328
-0.526,0.485,10.455
-0.562,0.521,10.569
-0.65,0.561,10.619
-0.631,0.585,10.595
-0.563,0.63,10.536
-0.569,0.639,10.358
-0.586,0.683,10.222
-0.569,0.687,10.053
-0.572,0.682,10.047
-0.582,0.687,10.106
-0.586,0.7,10.163
-0.595,0.762,10.183
-0.654,0.801,10.175
-0.68,0.838,10.097
-0.73,0.823,10.056
-0.75,0.829,10.007
-0.772,0.82,9.987
-0.782,0.844,10.003
-0.745,0.844,10.028
-0.716,0.847,10.015
-0.722,0.808,10.073
-0.697,0.786,10.187
-0.716,0.731,10.324
-0.744,0.689,10.432
-0.768,0.637,10.575
-0.797,0.565,10.636
-0.833,0.514,10.699
-0.878,0.521,10.709
-0.939,0.534,10.653
-0.976,0.565,10.583
-0.931,0.593,10.534
-0.9,0.652,10.49
-0.844,0.657,10.484
-0.796,0.685,10.436
-0.769,0.719,10.433
-0.714,0.783,10.497
-0.839,0.869,10.608
-0.862,0.892,10.537
-0.756,0.767,10.246
-0.675,0.674,10.027
-0.972,0.639,8.849
-1.177,0.926,9.66
-1.165,1.178,10.036
-1.076,1.178,10.805
-0.806,1.072,11.207
-0.517,0.707,10.966
-0.795,0.431,10.669
-1.095,0.413,10.402
-1.337,0.505,10.262
-1.345,0.633,10.29
-1.3,0.626,10.356
-1.136,0.595,10.494
-1.059,0.62,10.705
-0.955,0.692,10.872
-0.825,0.774,10.876
-0.708,0.784,10.741
-0.671,0.732,10.508
-0.758,0.699,10.319
-0.885,0.742,10.187
-1.04,0.804,10.097
-1.118,0.878,10.126
-1.113,0.911,10.247
-1.041,0.935,10.353
-0.93,0.939,10.484
-0.894,0.947,10.612
-0.833,0.965,10.762
-0.788,0.983,10.808