-1.819,1.046,12.966
-1.92,0.565,13.385
-1.871,0.094,13.82
-1.672,-0.331,14.231
-1.384,-0.803,14.514
-1.045,-1.261,14.688
-0.689,-1.674,14.731
-0.228,-2.002,14.658
0.302,-2.238,14.449
0.838,-2.375,14.139
1.428,-2.36,13.757
1.91,-2.207,13.235
2.242,-2.013,12.605
2.434,-1.769,11.928
2.514,-1.47,11.308
2.432,-1.201,10.707
2.294,-0.953,10.145
2.123,-0.697,9.668
1.937,-0.437,9.239
1.804,-0.139,8.858
1.698,0.095,8.562
1.585,0.308,8.323
1.432,0.453,8.074
1.328,0.563,7.872
1.214,0.591,7.704
1.112,0.597,7.642
1.036,0.588,7.661
1.021,0.541,7.816
1.02,0.424,8.147
0.941,0.283,8.512
0.841,0.127,8.941
0.685,0.012,9.4
0.484,-0.167,9.84
0.292,-0.307,10.161
0.067,-0.445,10.418
-0.136,-0.565,10.591
-0.228,-0.654,10.74
-0.345,-0.696,10.817
-0.48,-0.685,10.844
-0.546,-0.66,10.803
-0.577,-0.647,10.719
-0.62,-0.615,10.651
-0.655,-0.536,10.575
-0.656,-0.429,10.474
-0.648,-0.33,10.378
-0.587,-0.225,10.297
-0.528,-0.098,10.211
-0.449,0.019,10.141
-0.364,0.132,10.077
-0.245,0.281,9.993
-0.081,0.392,9.894
0.083,0.512,9.85
0.26,0.643,9.777
0.408,0.741,9.707
0.554,0.82,9.647
0.67,0.908,9.59
0.78,0.983,9.548
0.875,1.05,9.523
0.91,1.12,9.504
0.935,1.176,9.482
0.91,1.217,9.481
0.853,1.267,9.48
0.771,1.284,9.513
0.672,1.34,9.525
0.576,1.35,9.592
0.461,1.332,9.628
0.354,1.309,9.67
0.293,1.288,9.73
0.199,1.246,9.794
0.123,1.173,9.873
0.035,1.139,9.903
-0.045,1.09,9.988
-0.107,1.052,10.076
-0.161,0.991,10.163
-0.179,0.943,10.266
-0.176,0.892,10.359
-0.171,0.863,10.444
-0.123,0.821,10.503
-0.05,0.772,10.563
0.009,0.75,10.622
0.095,0.756,10.649
0.16,0.762,10.633
0.216,0.785,10.602
0.223,0.835,10.521
0.191,0.887,10.42
0.174,0.959,10.295
0.149,1.008,10.198
0.113,1.076,10.083
0.064,1.173,9.985
-0.026,1.23,9.888
-0.072,1.261,9.864
-0.182,1.34,9.798
-0.342,1.387,9.729
-0.398,1.422,9.72
-0.516,1.441,9.732
-0.639,1.437,9.774
-0.718,1.412,9.848
-0.777,1.379,9.906
-0.739,1.339,9.978
-0.726,1.284,10.09
-0.674,1.197,10.18
-0.616,1.144,10.291
-0.531,1.048,10.375
-0.438,0.949,10.43
-0.338,0.853,10.516
-0.222,0.786,10.565
-0.12,0.753,10.614
-0.01,0.706,10.649
0.052,0.676,10.648
0.117,0.679,10.636
0.159,0.688,10.579
0.225,0.706,10.515
0.292,0.741,10.401
0.323,0.788,10.266
0.386,0.839,10.104
0.454,0.918,9.907
0.54,0.98,9.768
0.599,1.041,9.603
0.665,1.091,9.446
0.698,1.132,9.324
0.72,1.204,9.226
0.774,1.248,9.166
0.826,1.286,9.093
0.845,1.322,9.05
0.837,1.339,9.073
0.786,1.334,9.127
0.755,1.334,9.227
0.726,1.34,9.348
0.74,1.316,9.471
0.789,1.285,9.574
0.806,1.243,9.678
0.838,1.18,9.771
0.823,1.1,9.872
0.794,1,9.991
0.758,0.876,10.19
0.772,0.743,10.433
0.853,0.637,10.715
0.999,0.552,11.032
1.146,0.517,11.304
1.337,0.455,11.528
1.502,0.358,11.711
1.6,0.243,11.821
1.671,0.104,11.858
1.788,0.023,11.916
1.982,0.06,11.936
2.175,0.162,11.88
2.313,0.24,11.76
2.444,0.271,11.657
2.475,0.295,11.587
2.492,0.339,11.558
2.537,0.429,11.572
2.585,0.609,11.601
2.646,0.802,11.632
2.737,0.957,11.656
2.687,1.087,11.669
2.434,1.131,11.708
1.977,0.986,11.82
1.31,0.62,12.052
0.573,0.144,12.428
-0.179,-0.329,12.872
-0.76,-0.852,13.622
-1.236,-1.196,14.431
-1.586,-1.494,15.151
-1.798,-1.744,15.687
-1.897,-1.909,15.905
-1.811,-2.034,15.775
-1.532,-2.139,15.279
-1.076,-2.121,14.52
-0.547,-1.986,13.488
0.032,-1.716,12.422
0.612,-1.428,11.326
1.02,-1.071,10.271
1.279,-0.719,9.401
1.348,-0.364,8.675
1.271,-0.079,8.165
1.076,0.145,7.871
0.812,0.342,7.737
0.463,0.531,7.854
0.064,0.692,8.207
-0.407,0.796,8.722
-0.9,0.857,9.297
-1.371,0.904,9.879
-1.825,0.906,10.375
-2.164,0.88,10.816
-2.385,0.868,11.134
-2.42,0.859,11.362
-2.286,0.85,11.448
-2.038,0.838,11.384
-1.679,0.803,11.195
-1.247,0.755,10.916
-0.857,0.706,10.582
-0.472,0.665,10.277
-0.194,0.636,9.991
0.012,0.61,9.823
0.134,0.619,9.717
0.23,0.631,9.684
0.23,0.668,9.645
0.19,0.698,9.656
0.041,0.752,9.647
-0.094,0.827,9.656
-0.258,0.929,9.637
-0.409,1.036,9.592
-0.503,1.161,9.485
-0.555,1.31,9.348
-0.534,1.452,9.172
-0.497,1.602,8.983
-0.437,1.722,8.722
-0.331,1.803,8.505
-0.194,1.883,8.324
-0.033,1.911,8.227
0.125,1.923,8.085
0.257,1.899,7.984
0.376,1.863,7.939
0.545,1.807,7.974
0.722,1.717,8.105
0.873,1.589,8.342
1.019,1.458,8.582
1.104,1.353,8.817
1.173,1.266,9.068
1.264,1.174,9.298
1.355,1.095,9.498
1.392,1.058,9.647
1.432,1.044,9.729
1.482,1.069,9.757
1.532,1.14,9.749
1.563,1.167,9.695
1.603,1.235,9.64
1.592,1.315,9.587
1.57,1.411,9.549
1.572,1.525,9.541
1.567,1.624,9.525
1.547,1.687,9.514
1.539,1.772,9.519
1.471,1.844,9.538
1.392,1.879,9.561
1.253,1.901,9.635
1.133,1.882,9.748
1.003,1.851,9.889
0.904,1.791,10.031
0.843,1.749,10.195
0.795,1.687,10.375
0.756,1.602,10.57
0.67,1.492,10.746
0.569,1.329,10.988
0.436,1.186,11.203
0.327,1.047,11.443
0.294,0.924,11.631
0.293,0.791,11.88
0.293,0.656,12.06
0.296,0.52,12.171
0.332,0.387,12.257
0.412,0.301,12.32
0.52,0.224,12.338
0.638,0.199,12.295
0.753,0.146,12.159
0.811,0.124,11.983
0.914,0.147,11.836
0.995,0.202,11.619
1.051,0.258,11.414
1.055,0.341,11.146
1.062,0.425,10.957
1.018,0.542,10.798
0.912,0.645,10.633
0.796,0.762,10.47
0.653,0.845,10.316
0.515,0.937,10.229
0.356,1.016,10.149
0.223,1.142,10.023
0.014,1.28,9.895
-0.184,1.401,9.763
-0.361,1.502,9.608
-0.468,1.606,9.509
-0.567,1.733,9.471
-0.674,1.844,9.452
-0.76,1.925,9.459
-0.852,1.952,9.602
-0.925,1.946,9.812
-1.007,1.934,10.07
-1.068,1.911,10.424
-1.11,1.894,10.816
-1.187,1.863,11.198
-1.288,1.802,11.548
-1.454,1.721,11.858
-1.634,1.603,12.102
-1.842,1.469,12.294
-2.026,1.361,12.44
-2.137,1.254,12.545
-2.201,1.14,12.649
-2.24,1.018,12.715
-2.251,0.858,12.815
-2.28,0.748,12.925
-2.274,0.614,13.008
-2.184,0.504,13.042
-2.035,0.432,13.203
-1.922,0.356,13.305
-1.763,0.256,13.307
-1.622,0.18,13.22
-1.527,0.096,13.099
-1.429,0.08,12.942
-1.375,0.049,12.769
-1.371,0.08,12.528
-1.367,0.098,12.284
-1.376,0.141,11.973
-1.354,0.207,11.654
-1.326,0.286,11.302
-1.29,0.393,10.953
-1.248,0.502,10.529
-1.174,0.589,10.104
-1.105,0.664,9.741
-1.069,0.738,9.37
-1.019,0.855,9.005
-0.967,0.968,8.623
-0.894,1.099,8.274
-0.833,1.215,7.94
-0.776,1.359,7.63
-0.751,1.48,7.382
-0.71,1.586,7.208
-0.689,1.703,7.115
-0.663,1.836,7.083
-0.649,1.927,7.1
-0.614,2.023,7.202
-0.543,2.071,7.336
-0.459,2.147,7.466
-0.412,2.199,7.63
-0.389,2.235,7.767
-0.374,2.267,7.896
-0.399,2.333,8.048
-0.537,2.338,8.182
-0.723,2.339,8.299
-0.907,2.267,8.411
-1.085,2.204,8.538
-1.27,2.135,8.718
-1.434,2.055,8.956
-1.599,1.919,9.279
-1.757,1.753,9.683
-1.922,1.483,10.1
-2.088,1.163,10.642
-2.21,0.795,11.198
-2.22,0.412,11.693
-2.127,0.037,12.29
-1.954,-0.242,12.866
-1.739,-0.586,13.313
-1.43,-0.909,13.622
-1.075,-1.128,13.807
-0.666,-1.261,13.838
-0.205,-1.322,13.723
0.196,-1.336,13.512
0.508,-1.298,13.166
0.787,-1.175,12.735
0.983,-0.986,12.202
1.063,-0.715,11.658
1.063,-0.437,11.151
0.964,-0.201,10.628
0.807,0.011,10.165
0.631,0.193,9.73
0.522,0.387,9.316
0.454,0.598,9.024
0.387,0.839,8.709
0.39,1.048,8.548
0.244,1.291,8.289
0.077,1.478,8.153
-0.034,1.637,8.066
-0.209,1.742,7.981
-0.415,1.82,7.922
-0.624,1.909,7.921
-0.759,2.038,7.975
-0.87,2.172,8.082
-0.974,2.311,8.21
-1.082,2.418,8.365
-1.231,2.474,8.521
-1.378,2.524,8.671
-1.536,2.498,8.811
-1.68,2.477,8.941
-1.817,2.445,9.072
-1.917,2.427,9.191
-1.994,2.407,9.304
-2.033,2.406,9.438
-2.019,2.376,9.578
-1.981,2.344,9.711
-1.893,2.317,9.809
-1.79,2.285,9.896
-1.665,2.271,9.948
-1.558,2.242,10.016
-1.43,2.258,10.039
-1.317,2.238,10.037
-1.222,2.212,9.989
-1.19,2.174,9.933
-1.204,2.099,9.932
-1.271,2.009,10.065
-1.391,1.948,10.224
-1.549,1.891,10.455
-1.666,1.858,10.653
-1.776,1.797,10.838
-1.88,1.74,11.064
-1.958,1.718,11.2
-1.969,1.71,11.323
-1.936,1.743,11.376
-1.845,1.828,11.4
-1.673,1.921,11.356
-1.436,2.007,11.235
-1.254,2.061,11.024
-1.105,2.113,10.79
-1.014,2.179,10.573
-0.973,2.218,10.413
-0.934,2.261,10.354
-0.954,2.3,10.348
-1.013,2.309,10.473
-1.116,2.307,10.62
-1.222,2.276,10.779
-1.288,2.239,10.948
-1.222,2.199,11.186
-1.168,2.232,11.448
-1.116,2.291,11.596
-1.026,2.324,11.709
-0.948,2.281,11.745
-0.961,2.241,11.727
-1.001,2.212,11.673
-1.02,2.178,11.635
-1.002,2.194,11.651
-0.967,2.232,11.705
-0.909,2.253,11.788
-0.885,2.308,11.942
-0.913,2.311,12.126
-0.958,2.244,12.303
-1.041,2.119,12.516
-1.198,1.941,12.752
-1.378,1.722,12.955
-1.546,1.507,13.192
-1.67,1.218,13.217
-1.725,0.986,13.433
-1.786,0.808,13.544
-1.77,0.651,13.595
-1.665,0.522,13.555
-1.545,0.4,13.402
-1.438,0.325,13.137
-1.312,0.249,12.778
-1.144,0.194,12.33
-0.935,0.22,11.807
-0.751,0.263,11.291
-0.61,0.346,10.773
-0.477,0.423,10.251
-0.371,0.502,9.811
-0.267,0.602,9.386
-0.157,0.704,9.04
-0.077,0.808,8.725
-0.009,0.929,8.427
0.071,1.04,8.128
0.166,1.131,7.872
0.293,1.241,7.625
0.338,1.365,7.388
0.441,1.471,7.146
0.508,1.6,6.916
0.609,1.71,6.724
0.66,1.809,6.595
0.688,1.885,6.473
0.692,1.959,6.428
0.701,1.983,6.425
0.544,1.997,6.328
0.426,2.002,6.36
0.331,1.998,6.523
0.168,1.948,6.757
-0.083,1.885,7.042
-0.332,1.759,7.428
-0.552,1.586,7.855
-0.795,1.373,8.277
-1.068,1.152,8.743
-1.432,0.943,9.232
-1.782,0.693,9.701
-2.119,0.424,10.113
-2.439,0.185,10.747
-2.724,-0.02,11.359
-2.917,-0.249,11.935
-2.995,-0.422,12.416
-2.958,-0.565,12.825
-2.804,-0.665,13.053
-2.62,-0.714,13.107
-2.373,-0.744,13.016
-2.031,-0.757,12.756
-1.619,-0.681,12.392
-1.259,-0.559,11.937
-0.955,-0.35,11.383
-0.742,-0.11,10.799
-0.602,0.086,10.244
-0.519,0.322,9.875
-0.521,0.479,9.543
-0.537,0.638,9.266
-0.588,0.779,9.073
-0.674,0.923,8.956
-0.727,1.061,8.872
-0.765,1.184,8.823
-0.843,1.248,8.807
-0.91,1.316,8.817
-0.969,1.347,8.847
-0.984,1.357,8.898
-0.945,1.358,8.995
-0.953,1.324,9.071
-0.94,1.276,9.18
-0.887,1.215,9.299
-0.825,1.12,9.433
-0.772,1.045,9.57
-0.742,0.986,9.69
-0.695,0.913,9.814
-0.677,0.859,9.912
-0.698,0.802,10.01
-0.698,0.759,10.144
-0.726,0.743,10.269
-0.802,0.683,10.431
-0.917,0.654,10.566
-1.028,0.614,10.715
-1.146,0.548,10.911
-1.239,0.466,11.099
-1.339,0.405,11.283
-1.43,0.402,11.418
-1.528,0.386,11.521
-1.599,0.393,11.576
-1.66,0.377,11.621
-1.713,0.366,11.625
-1.769,0.347,11.58
-1.793,0.37,11.535
-1.806,0.383,11.457
-1.77,0.386,11.392
-1.746,0.395,11.328
-1.74,0.421,11.304
-1.719,0.443,11.231
-1.698,0.474,11.128
-1.665,0.502,11.02
-1.647,0.509,10.919
-1.631,0.536,10.832
-1.618,0.579,10.772
-1.606,0.606,10.759
-1.619,0.598,10.774
-1.677,0.616,10.837
-1.721,0.61,10.963
-1.762,0.612,11.122
-1.802,0.64,11.273
-1.851,0.656,11.37
-1.89,0.712,11.392
-1.962,0.752,11.399
-2.008,0.799,11.349
-1.979,0.857,11.322
-1.89,0.993,11.308
-1.726,1.195,11.346
-1.647,1.475,11.303
-1.61,1.726,11.15
-1.609,1.852,10.99
-1.642,1.913,10.82
-1.767,1.977,10.627
-1.922,2.017,10.529
-2.068,2.106,10.564
-2.276,2.168,10.723
-2.58,2.202,10.949
-2.957,2.151,11.201
-3.29,1.978,11.517
-3.583,1.706,11.873
-3.814,1.31,12.255
-3.969,0.887,12.611
-3.992,0.439,12.927
-3.853,0.021,13.305
-3.59,-0.394,13.672
-3.235,-0.802,13.981
-2.744,-1.201,14.119
-2.221,-1.523,14.141
-1.673,-1.732,14.031
-1.085,-1.81,13.825
-0.549,-1.821,13.527
-0.115,-1.741,13.122
0.221,-1.596,12.608
0.41,-1.391,12.039
0.518,-1.125,11.407
0.519,-0.841,10.764
0.42,-0.563,10.167
0.288,-0.252,9.708
0.12,-0.012,9.169
0.031,0.208,8.647
0.009,0.449,8.149
0.016,0.722,7.642
0.026,0.997,7.21
0.108,1.252,6.806
0.196,1.485,6.464
0.293,1.731,6.159
0.301,1.935,5.949
0.319,2.095,5.764
0.332,2.247,5.602
0.338,2.41,5.532
0.363,2.515,5.508
0.359,2.649,5.542
0.329,2.774,5.68
0.293,2.9,5.861
0.214,2.993,6.086
0.153,3.082,6.297
0.02,3.131,6.532
-0.203,3.104,6.833
-0.533,2.979,7.237
-0.929,2.768,7.721
-1.36,2.454,8.372
-1.783,2.034,9.077
-2.135,1.565,9.86
-2.435,1.082,10.575
-2.55,0.695,11.23
-2.476,0.354,11.909
-2.457,0.067,12.394
-2.361,-0.127,12.729
-2.124,-0.31,12.921
-1.756,-0.486,12.88
-1.347,-0.598,12.684
-0.923,-0.672,12.34
-0.47,-0.701,11.903
-0.06,-0.636,11.441
0.327,-0.545,11.032
0.673,-0.426,10.613
0.929,-0.274,10.224
1.118,-0.108,9.888
1.281,0.019,9.589
1.428,0.147,9.306
1.509,0.284,9.065
1.564,0.417,8.842
1.618,0.539,8.694
1.654,0.692,8.571
1.658,0.813,8.416
1.671,0.943,8.268
1.696,1.016,8.104
1.728,1.082,7.952
1.777,1.168,7.835
1.813,1.259,7.71
1.809,1.365,7.603
1.835,1.468,7.475
1.905,1.546,7.381
1.998,1.566,7.349
1.976,1.635,7.336
1.934,1.682,7.372
1.945,1.724,7.453
1.941,1.743,7.576
1.885,1.746,7.719
1.799,1.739,7.885
1.785,1.72,8.105
1.762,1.733,8.31
1.728,1.712,8.527
1.681,1.724,8.693
1.564,1.705,8.868
1.43,1.67,9.069
1.299,1.619,9.236
1.237,1.568,9.402
1.141,1.542,9.611
1.003,1.515,9.796
0.831,1.49,9.897
0.644,1.483,10.106
0.5,1.429,10.4
0.313,1.362,10.698
0.098,1.243,11.011
-0.136,1.108,11.364
-0.349,1.003,11.718
-0.488,0.955,12.05
-0.583,0.919,12.33
-0.622,0.899,12.515
-0.495,0.883,12.606
-0.287,0.868,12.667
-0.05,0.881,12.667
0.167,0.869,12.6
0.386,0.847,12.492
0.615,0.809,12.441
0.851,0.759,12.445
1.061,0.706,12.494
1.235,0.665,12.6
1.398,0.669,12.813
1.501,0.764,13.086
1.483,0.872,13.318
1.318,0.871,13.491
1.067,0.784,13.654
0.853,0.671,13.83
0.646,0.531,13.976
0.494,0.441,14.244
0.256,0.335,14.58
0.041,0.211,14.871
-0.04,0.112,15.29
-0.129,0.029,15.608
-0.138,-0.036,15.828
-0.165,-0.166,15.936
-0.182,-0.335,15.987
-0.193,-0.534,15.95
-0.162,-0.711,15.871
-0.136,-0.853,15.724
-0.058,-0.926,15.546
0.064,-0.952,15.335
0.201,-0.959,15.068
0.287,-0.932,14.775
0.329,-0.943,14.367
0.369,-0.915,13.918
0.374,-0.904,13.409
0.396,-0.883,12.915
0.405,-0.818,12.447
0.434,-0.717,12.007
0.436,-0.64,11.554
0.42,-0.544,11.138
0.398,-0.455,10.726
0.386,-0.361,10.38
0.332,-0.264,10.006
0.297,-0.178,9.694
0.3,-0.068,9.355
0.294,0.019,9.057
0.314,0.144,8.742
0.344,0.287,8.457
0.332,0.437,8.142
0.325,0.528,7.881
0.296,0.65,7.652
0.305,0.746,7.493
0.333,0.845,7.41
0.411,0.962,7.355
0.495,1.073,7.361
0.574,1.16,7.451
0.621,1.242,7.551
0.589,1.27,7.653
0.524,1.231,7.746
0.423,1.162,7.892
0.335,1.065,8.117
0.196,0.973,8.377
0.014,0.899,8.681
-0.155,0.803,9.037
-0.38,0.683,9.406
-0.674,0.526,9.735
-0.922,0.364,9.983
-1.113,0.214,10.295
-1.247,0.052,10.61
-1.356,-0.063,10.833
-1.435,-0.234,11.047
-1.513,-0.403,11.265
-1.521,-0.563,11.489
-1.501,-0.694,11.657
-1.447,-0.823,11.808
-1.339,-0.936,11.898
-1.18,-0.987,11.91
-0.986,-1.004,11.85
-0.808,-0.987,11.656
-0.639,-0.95,11.395
-0.488,-0.864,11.072
-0.352,-0.735,10.689
-0.285,-0.561,10.31
-0.261,-0.365,9.887
-0.309,-0.151,9.459
-0.364,0.028,9.049
-0.387,0.211,8.655
-0.429,0.372,8.318
-0.498,0.512,8.013
-0.599,0.652,7.737
-0.703,0.77,7.494
-0.799,0.877,7.329
-0.892,0.986,7.222
-1.013,1.044,7.192
-1.28,1.041,7.131
-1.527,1.032,7.124
-1.656,1.02,7.258
-1.753,1.005,7.412
-1.838,1.014,7.576
-1.924,1.033,7.722
-1.938,1.041,7.829
-1.883,1.064,7.923
-1.792,1.063,7.993
-1.75,1.059,8.024
-1.695,1.024,8.032
-1.623,0.991,8.051
-1.557,1,8.105
-1.518,0.985,8.167
-1.485,0.962,8.204
-1.516,0.978,8.288
-1.471,0.994,8.439
-1.422,0.969,8.562
-1.426,0.901,8.677
-1.488,0.845,8.898
-1.536,0.82,9.134
-1.494,0.783,9.34
-1.428,0.746,9.477
-1.382,0.689,9.592
-1.397,0.632,9.665
-1.402,0.56,9.702
-1.4,0.481,9.766
-1.376,0.395,9.835
-1.331,0.32,9.902
-1.317,0.234,10.023
-1.304,0.129,10.206
-1.284,0.039,10.363
-1.263,0.01,10.564
-1.211,-0.063,10.71
-1.183,-0.124,10.826
-1.152,-0.175,10.89
-1.142,-0.218,10.91
-1.105,-0.246,10.921
-1.092,-0.276,10.978
-1.087,-0.293,11.076
-1.061,-0.277,11.146
-0.952,-0.207,11.259
-0.733,-0.014,11.402
-0.511,0.234,11.478
-0.374,0.504,11.407
-0.31,0.68,11.265
-0.275,0.79,11.113
-0.326,0.886,11.003
-0.436,1.028,10.878
-0.534,1.179,10.749
-0.71,1.324,10.704
-0.961,1.431,10.798
-1.355,1.422,11.008
-1.839,1.283,11.316
-2.358,1.035,11.773
-2.866,0.685,12.379
-3.31,0.24,12.927
-3.589,-0.214,13.605
-3.854,-0.623,14.341
-3.946,-1.055,15.032
-3.857,-1.534,15.781
-3.647,-2.058,16.339
-3.359,-2.564,16.712
-2.815,-2.961,16.92
-2.171,-3.168,16.937
-1.568,-3.2,16.785
-0.941,-3.138,16.431
-0.356,-2.99,15.948
0.164,-2.803,15.282
0.515,-2.601,14.536
0.725,-2.313,13.721
0.819,-1.955,12.934
0.843,-1.578,12.253
0.835,-1.232,11.645
0.659,-0.925,10.916
0.471,-0.584,10.305
0.331,-0.263,9.769
0.209,0.024,9.2
0.055,0.281,8.655
-0.072,0.549,8.202
-0.276,0.79,7.802
-0.519,0.987,7.473
-0.844,1.156,7.232
-1.149,1.289,7.038
-1.495,1.435,6.935
-1.838,1.559,6.912
-2.145,1.675,6.947
-2.438,1.765,7.061
-2.768,1.825,7.105
-3.061,1.885,7.192
-3.235,1.947,7.306
-3.315,1.978,7.412
-3.487,2.045,7.525
-3.711,2.139,7.57
-3.878,2.16,7.574
-3.986,2.123,7.624
-4.071,2.099,7.69
-4.098,2.049,7.753
-4.059,1.955,7.798
-3.977,1.82,7.92
-3.833,1.659,8.048
-3.645,1.4,8.242
-3.351,1.124,8.489
-2.999,0.82,8.733
-2.612,0.549,8.977
-2.198,0.292,9.254
-1.774,0.04,9.497
-1.363,-0.2,9.713
-0.997,-0.467,9.882
-0.521,-0.663,10.062
-0.083,-0.788,10.183
0.32,-0.891,10.248
0.787,-0.975,10.272
1.239,-1,10.259
1.642,-0.983,10.192
2.037,-0.969,10.08
2.318,-0.93,9.921
2.541,-0.871,9.829
2.708,-0.806,9.705
2.79,-0.702,9.591
2.809,-0.603,9.522
2.756,-0.462,9.476
2.62,-0.337,9.463
2.397,-0.225,9.459
2.104,-0.123,9.481
1.77,0.022,9.559
1.417,0.173,9.629
1.087,0.346,9.672
0.814,0.526,9.681
0.597,0.639,9.666
0.428,0.783,9.595
0.33,0.904,9.458
0.294,1.036,9.302
0.29,1.145,9.133
0.264,1.222,8.923
0.29,1.326,8.794
0.3,1.412,8.664
0.362,1.489,8.562
0.424,1.563,8.481
0.443,1.605,8.427
0.482,1.589,8.464
0.515,1.565,8.495
0.558,1.491,8.638
0.627,1.4,8.895
0.653,1.328,9.187
0.691,1.234,9.519
0.709,1.131,9.855
0.764,1.058,10.127
0.802,0.99,10.396
0.85,0.929,10.631
0.945,0.919,10.817
1.057,0.893,10.92
1.207,0.864,10.932
1.395,0.825,10.918
1.572,0.81,10.916
1.755,0.786,10.904
1.907,0.792,10.895
2.033,0.796,10.931
2.096,0.768,10.955
2.159,0.719,11.096
2.195,0.677,11.268
2.212,0.67,11.449
2.217,0.661,11.623
2.194,0.628,11.781
2.172,0.638,11.958
2.209,0.706,12.184
2.233,0.839,12.369
2.231,0.927,12.473
2.159,1.009,12.531
2.054,1.039,12.563
1.928,1.053,12.612
1.775,1.061,12.713
1.563,1.065,12.863
1.331,1.069,13.126
1.115,1.053,13.463
0.941,0.974,13.88
0.732,0.831,14.224
0.562,0.591,14.541
0.333,0.35,14.979
0.136,0.031,15.384
-0.045,-0.228,15.769
-0.193,-0.577,16.029
-0.249,-0.877,16.256
-0.261,-1.157,16.334
-0.273,-1.377,16.295
-0.232,-1.601,16.131
-0.154,-1.726,15.903
-0.038,-1.806,15.546
0.11,-1.877,15.116
0.292,-1.891,14.705
0.399,-1.871,14.21
0.458,-1.796,13.674
0.513,-1.724,13.132
0.497,-1.603,12.59
0.482,-1.463,12.083
0.457,-1.294,11.596
0.412,-1.066,11.144
0.332,-0.848,10.716
0.272,-0.624,10.254
0.149,-0.439,9.873
0.067,-0.246,9.471
-0.004,-0.014,9.078
-0.101,0.176,8.689
-0.23,0.395,8.313
-0.314,0.6,8.002
-0.381,0.805,7.714
-0.452,1.009,7.5
-0.526,1.203,7.31
-0.622,1.356,7.148
-0.733,1.49,7.039
-0.866,1.565,6.982
-0.967,1.601,7.007
-1.083,1.576,7.115
-1.147,1.48,7.301
-1.16,1.341,7.564
-1.15,1.19,7.887
-1.123,1.03,8.262
-1.083,0.839,8.667
-1.064,0.607,9.049
-1.058,0.339,9.452
-1.047,0.042,9.853
-1.041,-0.255,10.246
-1.008,-0.577,10.658
-0.948,-0.86,11.084
-0.785,-1.142,11.542
-0.581,-1.342,11.942
-0.297,-1.516,12.242
0,-1.645,12.375
0.262,-1.753,12.405
0.454,-1.858,12.334
0.686,-1.915,12.206
0.895,-1.915,11.997
1.078,-1.838,11.727
1.196,-1.726,11.401
1.281,-1.556,11.106
1.325,-1.432,10.78
1.403,-1.282,10.463
1.404,-1.084,10.175
1.331,-0.932,9.866
1.122,-0.715,9.505
1.03,-0.532,9.267
0.904,-0.364,9.075
0.682,-0.212,8.926
0.446,-0.042,8.792
0.299,0.115,8.714
0.192,0.283,8.659
0.088,0.403,8.604
-0.027,0.536,8.579
-0.088,0.643,8.551
-0.153,0.724,8.56
-0.221,0.804,8.565
-0.282,0.876,8.529
-0.349,0.927,8.537
-0.416,0.961,8.512
-0.458,1.006,8.516
-0.504,1.067,8.499
-0.537,1.125,8.441
-0.593,1.2,8.377
-0.61,1.274,8.303
-0.624,1.343,8.246
-0.675,1.412,8.208
-0.706,1.485,8.134
-0.734,1.552,8.08
-0.802,1.625,8.03
-0.892,1.666,8.031
-0.982,1.737,8.056
-1.059,1.791,8.105
-1.15,1.819,8.224
-1.265,1.831,8.377
-1.359,1.83,8.548
-1.432,1.819,8.75
-1.47,1.828,8.958
-1.531,1.803,9.133
-1.567,1.733,9.306
-1.594,1.629,9.452
-1.579,1.569,9.61
-1.56,1.513,9.791
-1.476,1.467,9.905
-1.331,1.45,9.989
-1.172,1.417,10.024
-1.021,1.391,10.055
-0.937,1.361,10.1
-0.875,1.277,10.156
-0.824,1.234,10.222
-0.782,1.184,10.333
-0.723,1.181,10.469
-0.6,1.198,10.607
-0.448,1.297,10.802
-0.196,1.493,10.987
0.076,1.754,11.136
0.274,1.961,11.173
0.369,2.093,11.149
0.431,2.169,11.091
0.384,2.273,10.991
0.282,2.392,10.911
0.052,2.494,10.881
-0.216,2.586,10.972
-0.631,2.626,11.003
-1.251,2.62,11.178
-1.774,2.465,11.478
-2.31,2.131,11.915
-2.798,1.631,12.464
-3.136,1.082,13.021
-3.316,0.491,13.609
-3.298,-0.06,14.198
-3.12,-0.628,14.767
-2.855,-1.153,15.2
-2.512,-1.588,15.462
-2.061,-1.963,15.486
-1.518,-2.191,15.291
-0.952,-2.303,14.876
-0.314,-2.297,14.378
0.296,-2.205,13.684
0.867,-2.082,12.949
1.33,-1.884,12.19
1.649,-1.632,11.443
1.831,-1.3,10.73
1.934,-0.925,10.107
1.957,-0.511,9.62
1.916,-0.171,9.177
1.819,0.159,8.746
1.722,0.503,8.391
1.596,0.835,8.093
1.41,1.115,7.847
1.24,1.375,7.64
1.062,1.654,7.527
0.891,1.917,7.432
0.737,2.154,7.367
0.632,2.393,7.372
0.415,2.595,7.257
0.293,2.799,7.219
0.262,2.973,7.254
0.193,3.13,7.226
0.114,3.238,7.144
0.08,3.29,7.065
0.013,3.3,6.977
-0.083,3.268,6.922
-0.171,3.228,6.9
-0.252,3.19,6.928
-0.345,3.117,6.995
-0.546,3.008,7.153
-0.873,2.848,7.379
-1.233,2.594,7.648
-1.536,2.327,8.031
-1.799,2.023,8.568
-2.082,1.71,9.213
-2.373,1.37,9.93
-2.617,1.028,10.715
-2.795,0.716,11.503
-2.874,0.409,12.254
-2.885,0.151,12.833
-2.743,-0.03,13.204
-2.399,-0.139,13.369
-1.975,-0.19,13.281
-1.497,-0.2,12.953
-0.99,-0.135,12.458
-0.485,-0.027,11.857
-0.047,0.113,11.237
0.257,0.335,10.656
0.453,0.564,10.128
0.574,0.766,9.69
0.624,0.971,9.276
0.641,1.158,8.986
0.643,1.321,8.776
0.616,1.454,8.655
0.568,1.586,8.594
0.455,1.705,8.527
0.429,1.851,8.579
0.367,1.954,8.641
0.284,2.031,8.709
0.16,2.071,8.785
0.081,2.116,8.84
-0.015,2.163,8.917
-0.063,2.187,8.946
-0.072,2.228,8.983
-0.082,2.24,9.004
-0.09,2.23,9.038
-0.109,2.214,9.117
-0.127,2.179,9.205
-0.161,2.142,9.347
-0.19,2.089,9.518
-0.232,2.019,9.73
-0.27,1.971,9.922
-0.308,1.883,10.179
-0.383,1.808,10.423
-0.415,1.716,10.64
-0.43,1.637,10.839
-0.411,1.522,11.02
-0.385,1.455,11.149
-0.308,1.385,11.288
-0.175,1.333,11.375
-0.015,1.289,11.42
0.128,1.236,11.454
0.238,1.172,11.499
0.333,1.15,11.498
0.489,1.145,11.556
0.631,1.149,11.609
0.743,1.143,11.617
0.849,1.188,11.611
0.91,1.221,11.569
0.976,1.233,11.513
1.043,1.264,11.492
1.052,1.313,11.43
1.055,1.375,11.42
1.055,1.393,11.4
1.068,1.405,11.429
1.058,1.422,11.493
0.977,1.436,11.559
0.883,1.425,11.587
0.806,1.386,11.664
0.708,1.37,11.788
0.537,1.324,11.93
0.399,1.307,12.029
0.423,1.333,12.216
0.571,1.498,12.416
0.726,1.758,12.526
0.788,1.93,12.471
0.731,1.953,12.312
0.58,1.844,12.08
0.447,1.739,11.926
0.327,1.737,11.832
0.301,1.803,11.855
0.367,1.958,11.992
0.47,2.16,12.144
0.567,2.337,12.251
0.571,2.404,12.29
0.497,2.345,12.275
0.333,2.217,12.245
0.161,2.002,12.269
-0.057,1.742,12.328
-0.222,1.477,12.449
-0.296,1.237,12.666
-0.326,1.008,12.935
-0.308,0.747,13.164
-0.288,0.527,13.332
-0.269,0.289,13.398
-0.233,0.054,13.402
-0.129,-0.129,13.288
-0.02,-0.269,13.056
0.177,-0.374,12.805
0.318,-0.409,12.454
0.467,-0.292,12.04
0.616,-0.146,11.532
0.713,-0.003,10.987
0.814,0.139,10.472
0.891,0.345,10.016
0.887,0.558,9.676
0.838,0.731,9.29
0.81,0.902,8.995
0.768,1.063,8.767
0.721,1.216,8.615
0.721,1.377,8.533
0.766,1.534,8.519
0.817,1.654,8.557
0.818,1.772,8.586
0.787,1.825,8.612
0.71,1.839,8.636
0.616,1.797,8.701
0.496,1.735,8.831
0.321,1.697,8.969
0.124,1.648,9.127
-0.135,1.593,9.325
-0.436,1.499,9.564
-0.796,1.363,9.85
-1.161,1.176,10.116
-1.503,0.977,10.464
-1.765,0.762,10.85
-1.957,0.572,11.289
-2.005,0.39,11.699
-1.983,0.179,12.062
-1.904,0.021,12.348
-1.746,-0.121,12.527
-1.497,-0.242,12.593
-1.195,-0.359,12.517
-0.86,-0.462,12.276
-0.497,-0.502,11.962
-0.121,-0.5,11.595
0.209,-0.413,11.175
0.44,-0.286,10.705
0.616,-0.129,10.234
0.72,0.051,9.854
0.781,0.281,9.461
0.726,0.505,9.101
0.658,0.725,8.764
0.555,0.89,8.493
0.465,1.047,8.246
0.35,1.233,8.064
0.305,1.405,7.915
0.296,1.594,7.753
0.294,1.781,7.597
0.293,1.918,7.457
0.303,2.05,7.313
0.348,2.141,7.178
0.378,2.198,7.042
0.416,2.242,6.934
0.494,2.273,6.882
0.551,2.299,6.915
0.574,2.311,6.995
0.532,2.288,7.135
0.509,2.254,7.327
0.49,2.199,7.557
0.41,2.116,7.818
0.323,2.053,8.112
0.245,1.971,8.426
0.113,1.895,8.738
-0.01,1.831,9
-0.083,1.746,9.261
-0.136,1.705,9.524
-0.143,1.676,9.756
-0.138,1.667,9.902
-0.125,1.65,10.042
-0.125,1.617,10.171
-0.18,1.6,10.293
-0.239,1.557,10.409
-0.277,1.53,10.554
-0.351,1.544,10.719
-0.409,1.552,10.81
-0.422,1.552,10.837
-0.43,1.562,10.817
-0.431,1.57,10.796
-0.41,1.584,10.774
-0.363,1.607,10.737
-0.307,1.639,10.705
-0.229,1.644,10.671
-0.167,1.651,10.645
-0.1,1.632,10.627
-0.02,1.653,10.578
0.033,1.686,10.543
0.069,1.715,10.503
0.097,1.718,10.482
0.068,1.743,10.46
0.047,1.747,10.443
0.003,1.778,10.454
-0.041,1.794,10.419
-0.056,1.812,10.429
-0.09,1.836,10.425
-0.137,1.842,10.4
-0.168,1.839,10.397
-0.198,1.801,10.414
-0.205,1.757,10.491
-0.046,1.785,10.667
0.202,1.955,10.865
0.459,2.205,11.041
0.649,2.382,11.093
0.611,2.387,11.032
0.376,2.23,10.972
0.173,2.078,10.947
0.028,1.998,11.018
-0.071,1.972,11.212
-0.186,1.976,11.492
-0.339,1.929,11.784
-0.517,1.778,12.08
-0.735,1.532,12.387
-0.979,1.225,12.662
-1.158,0.874,12.928
-1.292,0.517,13.153
-1.367,0.175,13.373
-1.393,-0.106,13.435
-1.339,-0.406,13.475
-1.259,-0.644,13.503
-1.165,-0.828,13.49
-1.076,-0.979,13.411
-0.941,-1.093,13.276
-0.814,-1.146,13.053
-0.734,-1.142,12.758
-0.472,-1.131,12.492
-0.404,-1.077,12.095
-0.391,-0.876,11.643
-0.36,-0.656,11.163
-0.344,-0.413,10.665
-0.349,-0.165,10.204
-0.398,0.046,9.824
-0.503,0.292,9.388
-0.601,0.528,8.939
-0.636,0.791,8.559
-0.699,1.067,8.172
-0.789,1.349,7.776
-0.807,1.663,7.448
-0.813,1.955,7.123
-0.817,2.252,6.812
-0.827,2.513,6.562
-0.852,2.771,6.326
-0.96,3.001,6.159
-1.082,3.1,6.071
-1.356,3.214,6.08
-1.629,3.255,6.252
-1.861,3.328,6.521
-2.039,3.39,6.848
-2.142,3.415,7.17
-2.194,3.349,7.469
-2.208,3.165,7.747
-2.23,2.844,8.026
-2.212,2.418,8.323
-2.141,1.929,8.699
-1.959,1.405,9.144
-1.749,0.898,9.754
-1.53,0.399,10.376
-1.193,-0.087,11.113
-0.882,-0.578,11.769
-0.611,-1.004,12.3
-0.303,-1.34,12.687
0.064,-1.609,12.96
0.418,-1.766,13.087
0.862,-1.828,13.093
1.269,-1.754,13.018
1.667,-1.606,12.811
2.011,-1.364,12.461
2.165,-1.067,12.058
2.234,-0.782,11.625
2.246,-0.486,11.221
2.162,-0.228,10.929
2.019,-0.002,10.504
1.917,0.196,10.134
1.842,0.45,9.857
1.763,0.682,9.561
1.685,0.922,9.341
1.609,1.161,9.127
1.533,1.322,8.917
1.502,1.469,8.776
1.458,1.611,8.616
1.433,1.727,8.482
1.387,1.794,8.358
1.323,1.846,8.277
1.257,1.903,8.324
1.146,1.948,8.46
1.055,1.977,8.628
0.929,1.988,8.798
0.844,1.986,8.998
0.778,1.942,9.22
0.721,1.889,9.442
0.678,1.825,9.694
0.661,1.742,9.912
0.634,1.653,10.188
0.632,1.545,10.45
0.618,1.455,10.704
0.557,1.362,10.957
0.549,1.307,11.157
0.58,1.21,11.323
0.64,1.144,11.448
0.694,1.073,11.557
0.707,0.999,11.678
0.786,0.927,11.745
0.877,0.88,11.746
0.952,0.833,11.687
1.134,0.807,11.613
1.31,0.829,11.502
1.446,0.859,11.309
1.588,0.923,11.112
1.726,0.981,10.926
1.812,1.059,10.699
1.876,1.138,10.567
1.956,1.212,10.408
2.004,1.248,10.329
2.013,1.328,10.272
2.045,1.373,10.24
2.066,1.4,10.286
2.062,1.432,10.371
2.054,1.434,10.467
2.014,1.429,10.59
1.992,1.407,10.732
1.99,1.335,10.936
1.975,1.283,11.157
1.944,1.221,11.315
1.913,1.172,11.454
1.929,1.101,11.595
1.895,1.063,11.711
1.95,1.087,11.82
2.006,1.227,11.891
2.23,1.414,11.989
2.255,1.517,11.856
2.156,1.532,11.691
2.079,1.452,11.535
1.938,1.406,11.443
1.817,1.42,11.448
1.734,1.474,11.569
1.683,1.571,11.76
1.652,1.629,11.999
1.592,1.638,12.19
1.525,1.568,12.375
1.425,1.442,12.57
1.338,1.242,12.713
1.253,1.048,12.911
1.174,0.794,13.07
1.06,0.542,13.187
0.897,0.338,13.488
0.766,0.125,13.732
0.666,-0.048,13.954
0.565,-0.23,14.131
0.455,-0.406,14.218
0.359,-0.545,14.197
0.277,-0.666,14.091
0.222,-0.782,13.921
0.191,-0.827,13.655
0.185,-0.803,13.316
0.183,-0.737,12.875
0.215,-0.61,12.384
0.293,-0.478,11.863
0.339,-0.343,11.295
0.431,-0.193,10.688
0.557,-0.023,10.113
0.634,0.115,9.649
0.72,0.298,9.195
0.794,0.456,8.762
0.863,0.594,8.347
0.921,0.731,8.011
0.969,0.846,7.739
1.066,0.981,7.551
1.191,1.111,7.447
1.318,1.211,7.433
1.47,1.314,7.477
1.585,1.393,7.55
1.659,1.424,7.668
1.628,1.432,7.819
1.506,1.391,7.99
1.329,1.307,8.164
1.116,1.205,8.409
0.867,1.067,8.642
0.627,0.925,8.926
0.372,0.75,9.245
0.156,0.57,9.555
-0.058,0.378,9.887
-0.242,0.158,10.236
-0.352,-0.032,10.614
-0.375,-0.294,10.924
-0.318,-0.519,11.278
-0.202,-0.72,11.662
-0.07,-0.92,11.985
0.074,-1.091,12.263
0.256,-1.226,12.416
0.404,-1.279,12.51
0.551,-1.274,12.462
0.67,-1.177,12.272
0.777,-1.058,11.952
0.796,-0.86,11.563
0.759,-0.609,11.101
0.692,-0.33,10.6
0.57,-0.037,10.149
0.392,0.193,9.756
0.293,0.458,9.39
0.215,0.67,8.989
0.152,0.87,8.615
0.107,1.081,8.249
0.071,1.289,7.913
0.074,1.454,7.616
0.123,1.601,7.388
0.214,1.749,7.146
0.252,1.861,6.933
0.295,1.946,6.776
0.382,1.985,6.679
0.416,2.031,6.63
0.44,2.039,6.632
0.469,2.008,6.742
0.44,1.98,6.982
0.414,1.923,7.27
0.382,1.87,7.604
0.356,1.803,8.015
0.315,1.723,8.456
0.301,1.639,8.882
0.27,1.527,9.258
0.209,1.432,9.628
0.155,1.321,9.919
0.094,1.254,10.183
0.07,1.195,10.399
0.022,1.16,10.57
-0.035,1.142,10.695
-0.068,1.119,10.746
-0.118,1.13,10.801
-0.159,1.136,10.834
-0.208,1.149,10.831
-0.243,1.186,10.777
-0.31,1.217,10.731
-0.344,1.247,10.679
-0.348,1.247,10.633
-0.332,1.254,10.609
-0.276,1.314,10.586
-0.223,1.349,10.541
-0.174,1.364,10.49
-0.138,1.375,10.436
-0.09,1.365,10.391
-0.051,1.358,10.391
-0.028,1.337,10.384
0.012,1.326,10.409
0.062,1.314,10.493
0.097,1.284,10.573
0.091,1.245,10.668
0.1,1.21,10.766
0.07,1.174,10.865
0.069,1.138,10.936
0.087,1.119,10.991
0.097,1.107,11.008
0.124,1.111,10.999
0.21,1.13,10.983
0.271,1.133,10.937
0.305,1.15,10.898
0.409,1.182,10.86
0.632,1.254,10.871
0.866,1.472,10.905
1.074,1.722,10.912
1.178,1.891,10.802
1.142,1.907,10.676
0.926,1.852,10.604
0.692,1.775,10.576
0.452,1.761,10.655
0.269,1.831,10.82
0.08,1.889,11.065
-0.137,1.894,11.302
-0.397,1.844,11.607
-0.69,1.672,11.936
-0.997,1.408,12.222
-1.229,1.083,12.351
-1.296,0.752,12.668
-1.254,0.487,12.966
-1.111,0.265,13.232
-0.898,0.027,13.495
-0.698,-0.146,13.653
-0.48,-0.39,13.731
-0.27,-0.578,13.721
-0.064,-0.73,13.623
0.144,-0.763,13.455
0.293,-0.721,13.164
0.388,-0.62,12.78
0.461,-0.427,12.308
0.495,-0.226,11.766
0.405,-0.024,11.229
0.289,0.147,10.681
0.159,0.302,10.202
0.068,0.479,9.802
0.032,0.649,9.331
0.039,0.821,8.913
0.001,0.959,8.531
-0.064,1.066,8.164
-0.098,1.142,7.829
-0.083,1.195,7.545
-0.01,1.255,7.317
0.082,1.32,7.162
0.258,1.459,7.028
0.406,1.572,6.955
0.534,1.684,6.878
0.63,1.765,6.858
0.638,1.862,6.87
0.56,1.943,6.849
0.453,2.016,6.879
0.326,2.05,6.94
0.168,2.063,7.001
-0.064,2.093,7.098
-0.338,2.131,7.26
-0.642,2.172,7.436
-0.965,2.205,7.704
-1.396,2.178,7.952
-1.816,2.069,8.263
-2.134,1.87,8.655
-2.314,1.649,9.126
-2.341,1.386,9.625
-2.237,1.119,10.062
-1.97,0.892,10.454
-1.612,0.7,10.767
-1.24,0.529,10.936
-0.912,0.383,11.017
-0.59,0.237,11.004
-0.278,0.127,10.918
-0.011,0.112,10.738
0.219,0.167,10.525
0.406,0.297,10.269
0.507,0.518,10.066
0.519,0.717,9.9
0.411,0.898,9.839
0.228,1.026,9.829
-0.023,1.136,9.902
-0.275,1.205,10.131
-0.552,1.289,10.393
-0.762,1.361,10.665
-0.924,1.43,10.921
-1.007,1.462,11.118
-1.022,1.485,11.271
-1.037,1.483,11.339
-0.978,1.489,11.288
-0.882,1.486,11.193
-0.746,1.468,11.055
-0.632,1.458,10.908
-0.494,1.49,10.773
-0.379,1.503,10.665
-0.284,1.53,10.577
-0.214,1.538,10.505
-0.176,1.516,10.509
-0.196,1.51,10.545
-0.242,1.486,10.627
-0.307,1.467,10.74
-0.358,1.434,10.845
-0.425,1.395,10.88
-0.413,1.356,10.979
-0.41,1.356,11.108
-0.407,1.324,11.183
-0.405,1.246,11.144
-0.364,1.164,11.201
-0.343,1.124,11.253
-0.282,1.106,11.279
-0.147,1.07,11.228
-0.016,1.048,11.183
0.079,1.064,11.075
0.166,1.077,10.916
0.221,1.134,10.766
0.263,1.149,10.567
0.294,1.215,10.366
0.32,1.289,10.146
0.381,1.405,9.926
0.411,1.509,9.787
0.394,1.595,9.622
0.364,1.661,9.474
0.331,1.727,9.349
0.335,1.781,9.296
0.341,1.846,9.296
0.329,1.901,9.304
0.323,1.921,9.324
0.356,1.912,9.378
0.385,1.934,9.475
0.415,1.962,9.589
0.452,1.991,9.656
0.481,1.994,9.732
0.498,1.959,9.81
0.454,1.946,9.889
0.415,1.915,9.998
0.375,1.864,10.176
0.349,1.8,10.371
0.295,1.692,10.571
0.177,1.582,10.826
0.067,1.492,11.125
-0.04,1.406,11.398
-0.096,1.304,11.658
-0.149,1.217,11.925
-0.214,1.144,12.139
-0.258,1.051,12.339
-0.15,1.057,12.404
0.165,1.233,12.407
0.569,1.54,12.362
0.831,1.787,12.108
0.895,1.818,11.754
0.841,1.655,11.435
0.701,1.483,11.193
0.597,1.42,11.128
0.609,1.53,11.207
0.682,1.77,11.37
0.723,1.984,11.558
0.701,2.044,11.706
0.552,1.995,11.81
0.317,1.831,11.863
0.051,1.607,11.948
-0.202,1.388,12.119
-0.4,1.144,12.331
-0.52,0.916,12.624
-0.547,0.686,12.952
-0.534,0.45,13.244
-0.528,0.244,13.42
-0.57,0.066,13.356
-0.427,-0.094,13.354
-0.285,-0.276,13.314
-0.234,-0.389,13.185
-0.083,-0.472,12.965
0.158,-0.477,12.663
0.356,-0.42,12.273
0.503,-0.34,11.849
0.579,-0.239,11.339
0.638,-0.108,10.831
0.694,0.048,10.338
0.727,0.237,9.885
0.789,0.386,9.481
0.845,0.539,9.115
0.916,0.694,8.793
0.995,0.871,8.538
1.118,1.058,8.285
1.28,1.255,8.096
1.441,1.428,7.948
1.56,1.565,7.857
1.659,1.65,7.787
1.757,1.706,7.801
1.771,1.704,7.887
1.773,1.675,8.069
1.724,1.571,8.33
1.646,1.432,8.712
1.512,1.267,9.147
1.343,1.106,9.615
1.127,0.918,9.999
0.939,0.731,10.387
0.676,0.545,10.706
0.333,0.38,10.959
0.018,0.217,11.216
-0.239,0.064,11.522
-0.447,-0.037,11.885
-0.596,-0.111,12.226
-0.703,-0.182,12.569
-0.698,-0.236,12.873
-0.66,-0.311,13.148
-0.653,-0.39,13.324
-0.592,-0.478,13.394
-0.516,-0.549,13.342
-0.406,-0.563,13.174
-0.287,-0.516,12.835
-0.104,-0.416,12.433
0.05,-0.227,11.913
0.222,-0.043,11.347
0.362,0.113,10.809
0.447,0.291,10.322
0.538,0.417,9.875
0.631,0.517,9.488
0.719,0.646,9.182
0.845,0.79,8.974
1.025,0.945,8.809
1.176,1.095,8.653
1.277,1.2,8.533
1.35,1.261,8.398
1.414,1.314,8.285
1.434,1.353,8.181
1.454,1.432,8.11
1.459,1.534,8.067
1.399,1.642,8.039
1.367,1.777,8.092
1.3,1.879,8.177
1.189,1.931,8.274
1.09,1.979,8.383
0.978,2.013,8.52
0.881,2.032,8.671
0.781,2.045,8.809
0.683,2.015,8.931
0.568,1.978,9.093
0.481,1.93,9.254
0.412,1.915,9.421
0.379,1.88,9.574
0.368,1.856,9.695
0.348,1.834,9.806
0.333,1.826,9.87
0.336,1.794,9.912
0.295,1.769,9.995
0.241,1.742,10.095
0.146,1.721,10.157
0.044,1.684,10.218
-0.042,1.681,10.278
-0.099,1.654,10.307
-0.129,1.626,10.354
-0.148,1.608,10.342
-0.145,1.57,10.322
-0.178,1.527,10.234
-0.174,1.478,10.243
-0.156,1.466,10.236
-0.105,1.449,10.21
-0.044,1.443,10.161
0.037,1.428,10.121
0.083,1.416,10.036
0.107,1.436,9.956
0.138,1.454,9.884
0.195,1.461,9.857
0.23,1.487,9.829
0.263,1.544,9.779
0.293,1.599,9.797
0.293,1.632,9.877
0.271,1.655,9.961
0.18,1.645,10.072
0.102,1.641,10.177
0.058,1.637,10.293
0.025,1.644,10.417
0.027,1.65,10.508
0.027,1.639,10.644
0.064,1.62,10.759
0.074,1.568,10.904
0.067,1.496,11.064
0.041,1.42,11.197
0.031,1.371,11.306
0.019,1.298,11.414
0.021,1.218,11.541
0.067,1.154,11.679
0.227,1.115,11.886
0.522,1.204,12.141
0.866,1.446,12.309
1.098,1.673,12.309
1.207,1.758,12.112
1.188,1.724,11.874
1.058,1.703,11.644
0.935,1.734,11.42
0.831,1.885,11.248
0.755,2.059,11.193
0.662,2.242,11.218
0.485,2.382,11.39
0.24,2.477,11.546
-0.01,2.459,11.708
-0.24,2.355,11.892
-0.403,2.194,12.08
-0.516,2.019,12.242
-0.593,1.86,12.264
-0.485,1.657,12.427
-0.343,1.452,12.541
-0.242,1.254,12.599
-0.072,1.039,12.587
0.129,0.874,12.553
0.293,0.715,12.436
0.378,0.634,12.25
0.513,0.54,12.019
0.618,0.497,11.758
0.737,0.454,11.435
0.905,0.478,11.115
0.977,0.53,10.768
0.996,0.6,10.447
1,0.676,10.158
0.965,0.749,9.896
0.837,0.845,9.672
0.717,0.914,9.452
0.579,1.015,9.303
0.485,1.13,9.214
0.373,1.224,9.142
0.278,1.355,9.117
0.156,1.406,9.13
0.041,1.475,9.16
-0.019,1.508,9.208
-0.039,1.575,9.263
-0.028,1.613,9.282
-0.011,1.623,9.276
-0.022,1.642,9.272
-0.064,1.62,9.281
-0.12,1.599,9.247
-0.192,1.595,9.235
-0.301,1.553,9.218
-0.425,1.516,9.214
-0.559,1.465,9.22
-0.724,1.396,9.29
-0.924,1.303,9.377
-1.076,1.195,9.538
-1.21,1.073,9.737
-1.326,0.939,9.931
-1.433,0.79,10.181
-1.475,0.622,10.433
-1.452,0.466,10.589
-1.33,0.323,10.759
-1.179,0.234,10.905
-0.978,0.139,10.993
-0.753,0.045,11.05
-0.527,-0.007,11.044
-0.31,-0.084,11
-0.059,-0.139,10.886
0.205,-0.14,10.735
0.431,-0.104,10.572
0.654,-0.023,10.399
0.792,0.039,10.207
0.871,0.169,10
0.914,0.308,9.853
0.927,0.439,9.677
0.887,0.571,9.529
0.884,0.709,9.408
0.845,0.843,9.322
0.783,0.949,9.226
0.717,1.036,9.196
0.652,1.124,9.15
0.593,1.192,9.14
0.57,1.24,9.127
0.551,1.273,9.113
0.551,1.268,9.14
0.594,1.268,9.22
0.643,1.237,9.278
0.666,1.188,9.372
0.668,1.121,9.491
0.647,1.066,9.645
0.64,0.996,9.815
0.623,0.947,9.961
0.565,0.907,10.141
0.537,0.858,10.323
0.485,0.815,10.473
0.452,0.777,10.618
0.43,0.737,10.754
0.402,0.724,10.882
0.373,0.709,10.961
0.354,0.7,11.047
0.36,0.734,11.087
0.351,0.759,11.084
0.351,0.779,11.065
0.353,0.785,11.024
0.342,0.795,10.996
0.342,0.794,10.956
0.362,0.791,10.895
0.398,0.821,10.844
0.448,0.838,10.799
0.472,0.827,10.766
0.503,0.827,10.752
0.494,0.811,10.712
0.49,0.809,10.689
0.479,0.779,10.68
0.455,0.754,10.686
0.449,0.748,10.732
0.46,0.722,10.735
0.442,0.71,10.77
0.457,0.701,10.779
0.454,0.698,10.772
0.472,0.683,10.768
0.458,0.695,10.768
0.472,0.691,10.705
0.49,0.727,10.636
0.506,0.758,10.573
0.538,0.805,10.456
0.571,0.887,10.375
0.598,0.926,10.246
0.643,0.984,10.101
0.627,1.035,9.974
0.594,1.079,9.887
0.544,1.113,9.829
0.451,1.148,9.769
0.344,1.157,9.784
0.278,1.166,9.814
0.208,1.184,9.879
0.202,1.197,9.901
0.202,1.221,9.96
0.229,1.26,10.015
0.269,1.268,10.084
0.292,1.264,10.109
0.294,1.225,10.116
0.301,1.178,10.168
0.312,1.103,10.218
0.296,1.051,10.315
0.293,0.996,10.42
0.282,0.919,10.558
0.26,0.864,10.665
0.275,0.804,10.754
0.293,0.776,10.832
0.293,0.705,10.854
0.297,0.636,10.853
0.333,0.612,10.85
0.398,0.604,10.817
0.476,0.615,10.742
0.56,0.657,10.64
0.641,0.723,10.552
0.692,0.768,10.447
0.676,0.849,10.297
0.655,0.902,10.119
0.643,0.987,10.017
0.637,1.06,9.93
0.577,1.151,9.882
0.516,1.233,9.803
0.49,1.282,9.736
0.424,1.3,9.704
0.355,1.325,9.689
0.271,1.358,9.654
0.177,1.368,9.645
0.093,1.368,9.695
0.025,1.367,9.708
-0.027,1.335,9.725
0.016,1.324,9.78
0.024,1.329,9.848
0.05,1.266,9.891
0.073,1.174,10.023
0.101,1.048,10.187
0.118,0.904,10.34
0.164,0.783,10.444
0.26,0.712,10.51
0.336,0.707,10.692
0.423,0.686,10.814
0.494,0.667,10.908
0.571,0.648,10.932
0.591,0.621,10.901
0.612,0.609,10.853
0.666,0.619,10.802
0.714,0.66,10.753
0.784,0.713,10.662
0.808,0.764,10.61
0.806,0.811,10.548
0.772,0.839,10.487
0.697,0.872,10.447
0.624,0.902,10.425
0.528,0.932,10.412
0.42,0.939,10.417
0.353,0.95,10.414
0.313,0.962,10.443
0.283,0.975,10.381
0.289,1.011,10.429
0.282,1.04,10.485
0.283,1.03,10.527
0.294,1.029,10.523
0.305,1.023,10.522
0.33,1.032,10.466
0.385,1.023,10.437
0.452,1.027,10.387
0.502,1.022,10.362
0.56,1.042,10.336
0.605,1.034,10.34
0.635,1.029,10.37
0.65,1.022,10.414
0.652,0.977,10.47
0.647,0.956,10.479
0.646,0.941,10.502
0.672,0.929,10.512
0.689,0.941,10.516
0.673,0.922,10.492
0.655,0.892,10.454
0.63,0.863,10.438
0.588,0.863,10.425
0.56,0.839,10.454
0.538,0.828,10.511
0.532,0.822,10.545
0.53,0.832,10.608
0.534,0.814,10.633
0.525,0.798,10.665
0.537,0.766,10.679
0.576,0.754,10.681
0.617,0.752,10.675
0.664,0.734,10.679
0.71,0.759,10.665
0.741,0.735,10.65
0.764,0.731,10.645
0.762,0.741,10.639
0.743,0.764,10.622
0.702,0.783,10.618
0.654,0.799,10.579
0.609,0.816,10.566
0.568,0.845,10.521
0.539,0.864,10.466
0.504,0.899,10.394
0.454,0.918,10.345
0.398,0.947,10.299
0.351,0.955,10.259
0.332,0.997,10.23
0.311,1.014,10.224
0.318,1.03,10.202
0.313,1.014,10.175
0.32,1.004,10.161
0.356,0.992,10.175
0.386,0.992,10.164
0.414,0.986,10.206
0.43,0.962,10.232
0.44,0.931,10.25
0.451,0.927,10.278
0.451,0.894,10.304
0.452,0.884,10.335
0.427,0.88,10.378
0.421,0.865,10.433
0.382,0.862,10.481
0.361,0.865,10.534
0.354,0.856,10.545
0.338,0.864,10.578
0.321,0.853,10.549
0.347,0.865,10.524
0.351,0.869,10.509
0.33,0.899,10.479
0.308,0.924,10.455
0.302,0.941,10.442
0.319,0.945,10.407
0.343,0.965,10.365
0.39,0.981,10.359
0.394,0.987,10.298
0.434,0.997,10.255
0.488,0.986,10.171
0.508,1.006,10.139
0.539,1.003,10.127
0.539,0.999,10.114
0.534,0.991,10.147
0.516,1.002,10.176
0.489,1,10.238
0.49,0.998,10.279
0.478,0.979,10.317
0.469,0.971,10.364
0.436,0.945,10.389
0.434,0.956,10.425
0.435,0.943,10.45
0.447,0.948,10.478
0.447,0.927,10.464
0.454,0.922,10.449
0.477,0.908,10.45
0.512,0.872,10.454
0.537,0.846,10.461
0.574,0.828,10.496
0.588,0.816,10.525
0.607,0.798,10.546
0.616,0.779,10.589
0.606,0.764,10.59
0.588,0.758,10.603
0.597,0.774,10.601
0.573,0.784,10.603
0.569,0.831,10.576
0.564,0.853,10.559
0.563,0.898,10.481
0.551,0.925,10.435
0.531,0.961,10.347
0.544,0.989,10.29
0.557,1.014,10.202
0.53,1.041,10.156
0.528,1.061,10.11
0.518,1.089,10.072
0.495,1.094,10.049
0.405,1.07,10.056
0.318,1.069,10.102
0.276,1.056,10.138
0.236,0.983,10.194
0.192,0.971,10.236
0.19,1,10.285
0.234,1.017,10.326
0.301,1.052,10.353
0.378,1.044,10.329
0.455,1.029,10.284
0.533,1.028,10.22
0.603,1.022,10.192
0.634,1.011,10.168
0.666,1.01,10.183
0.673,1.016,10.206
0.677,1.008,10.235
0.653,0.989,10.289
0.65,0.986,10.315
0.637,0.954,10.352
0.61,0.941,10.395
0.623,0.89,10.409
0.636,0.875,10.417
0.659,0.866,10.412
0.699,0.862,10.413
0.696,0.878,10.377
0.699,0.866,10.356
0.686,0.863,10.324
0.636,0.864,10.35
0.593,0.878,10.353
0.522,0.878,10.365
0.466,0.878,10.402
0.396,0.877,10.474
0.333,0.89,10.517
0.302,0.892,10.546
0.295,0.901,10.558
0.295,0.887,10.573
0.3,0.878,10.545
0.33,0.895,10.528
0.38,0.914,10.445
0.405,0.927,10.401
0.44,0.943,10.369
0.454,0.979,10.311
0.449,1.028,10.241
0.464,1.026,10.205
0.467,1.044,10.175
0.441,1.075,10.155
0.443,1.119,10.159
0.416,1.136,10.137
0.384,1.137,10.11
0.349,1.146,10.103
0.324,1.163,10.12
0.303,1.168,10.092
0.296,1.175,10.147
0.294,1.191,10.161
0.296,1.18,10.194
0.297,1.191,10.205
0.311,1.156,10.217
0.312,1.145,10.253
0.309,1.117,10.278
0.305,1.109,10.317
0.308,1.076,10.363
0.369,1.048,9.69
-0.053,1.364,8.09
0.448,1.637,9.654
0.683,1.577,10.571
0.587,1.295,10.736
0.366,0.881,10.927
-0.064,0.533,11.181
-0.302,0.406,11.29
0.004,0.615,11.294
0.288,0.871,11.193
0.426,1.048,11.006
0.507,1.087,10.723
0.479,1.047,10.429
0.422,1.009,10.189
0.344,1.018,10.006
0.306,1.09,9.891
0.296,1.143,9.882
0.296,1.198,9.884
0.294,1.221,9.889
0.289,1.206,9.906
0.266,1.169,9.955
0.246,1.113,10.022
0.226,1.075,10.073
0.244,1.06,10.139
0.293,1.05,10.226
0.317,1.002,10.255
0.332,0.986,10.322
0.374,0.955,10.324
0.373,0.948,10.326
0.394,0.926,10.314
0.427,0.944,10.317
0.465,0.957,10.277
0.512,0.977,10.247
0.568,1.012,10.18
0.582,1.01,10.132
0.555,1.02,10.089
0.554,0.998,10.076
0.546,1.003,10.058
0.546,1.012,10.079
0.564,1.014,10.112
0.552,1.011,10.167
0.538,0.992,10.234
0.528,0.955,10.28
0.546,0.916,10.329
0.543,0.912,10.403
0.573,0.896,10.438
0.565,0.886,10.467
0.57,0.859,10.515
0.568,0.843,10.531
0.557,0.841,10.534
0.575,0.866,10.54
0.579,0.872,10.537
0.573,0.889,10.502
0.567,0.899,10.475
0.571,0.913,10.408
0.552,0.919,10.356
0.527,0.948,10.333
0.506,0.963,10.301
0.465,1.004,10.289
0.435,1.021,10.278
0.404,1.035,10.273
0.378,1.048,10.268
0.378,1.064,10.247
0.411,1.096,10.21
0.43,1.107,10.195
0.503,1.127,10.167
0.536,1.146,10.094
0.526,1.15,10.054
0.532,1.151,10.022
0.538,1.148,10.029
0.521,1.14,10.047
0.519,1.149,10.109
0.49,1.138,10.149
0.467,1.124,10.222
0.437,1.095,10.274
0.393,1.073,10.317
0.355,1.051,10.378
0.333,1.053,10.402
0.335,1.044,10.436
0.343,1.064,10.458
0.361,1.067,10.451
0.376,1.054,10.427
0.382,1.047,10.395
0.375,1.052,10.375
0.417,1.048,10.364
0.418,1.063,10.35
0.429,1.038,10.358
0.435,1.03,10.354
0.437,1.003,10.369
0.441,0.997,10.411
0.459,0.962,10.456
0.459,0.972,10.474
0.449,0.953,10.472
0.451,0.932,10.476
0.453,0.951,10.481
0.448,0.955,10.455
0.458,0.986,10.418
0.49,0.998,10.383
0.515,1.012,10.322
0.502,1.034,10.259
0.54,1.04,10.205
0.548,1.046,10.141
0.542,1.057,10.11
0.55,1.045,10.096
0.56,1.04,10.116
0.528,1.028,10.137
0.507,1.028,10.182
0.495,1.018,10.226
0.473,1.016,10.242
0.485,0.998,10.253
0.482,0.997,10.257
0.488,0.992,10.269
0.475,0.996,10.247
0.471,0.998,10.246
0.476,1.042,10.211
0.463,1.054,10.193
0.47,1.076,10.196
0.457,1.082,10.181
0.442,1.09,10.161
0.457,1.108,10.149
0.476,1.125,10.141
0.481,1.123,10.138
0.473,1.125,10.157
0.497,1.121,10.152
0.546,1.112,10.168
0.55,1.085,10.186
0.57,1.101,10.225
0.564,1.085,10.255
0.533,1.078,10.295
0.496,1.05,10.321
0.488,1.044,10.36
0.478,1.029,10.395
0.5,1.033,10.407
0.52,1.042,10.418
0.524,1.034,10.409
0.516,1.014,10.399
0.538,0.997,10.395
0.567,1.018,10.401
0.579,1.004,10.405
0.567,1.017,10.39
0.587,0.992,10.36
0.581,1.021,10.346
0.571,1.032,10.353
0.563,1.012,10.369
0.586,1.01,10.356
0.613,1.022,10.356
0.649,1.048,10.358
0.634,1.048,10.345
0.662,1.04,10.33
0.708,1.046,10.297
0.725,1.054,10.275
0.721,1.046,10.261
0.749,1.027,10.274
0.776,1.042,10.297
0.764,1.056,10.31
0.758,1.058,10.305
0.755,1.069,10.289
0.755,1.09,10.25
0.78,1.078,10.196
0.788,1.091,10.151
0.805,1.131,10.107
0.802,1.161,10.073
0.783,1.16,10.042
0.757,1.186,10.011
0.737,1.167,10.009
0.743,1.185,10.001
0.71,1.219,10.027
0.68,1.257,10.055
0.642,1.257,10.096
0.607,1.239,10.152
0.586,1.218,10.218
0.579,1.201,10.299
0.537,1.211,10.393
0.527,1.211,10.476
0.519,1.181,10.503
0.536,1.162,10.522
0.544,1.179,10.516
0.551,1.19,10.47
0.558,1.215,10.43
0.537,1.215,10.369
0.5,1.257,10.305
0.479,1.264,10.243
0.427,1.274,10.205
0.4,1.297,10.195
0.394,1.306,10.225
0.387,1.334,10.237
0.421,1.356,10.25
0.431,1.349,10.247
0.437,1.352,10.244
0.459,1.334,10.23
0.471,1.331,10.231
0.497,1.325,10.22
0.512,1.334,10.23
0.52,1.344,10.196
0.55,1.325,10.193
0.56,1.327,10.168
0.537,1.318,10.162
0.549,1.309,10.173
0.514,1.307,10.188
0.473,1.284,10.229
0.441,1.258,10.305
0.422,1.225,10.365
0.41,1.204,10.413
0.409,1.187,10.441
0.43,1.162,10.462
0.459,1.162,10.484
0.495,1.156,10.48
0.519,1.156,10.476
0.55,1.163,10.461
0.607,1.185,10.448
0.629,1.195,10.42
0.642,1.204,10.408
0.659,1.194,10.395
0.623,1.209,10.393
0.605,1.222,10.402
0.558,1.236,10.417
0.516,1.267,10.461
0.491,1.284,10.46
0.479,1.339,10.46
0.433,1.38,10.423
-0.233,1.346,8.265
-1.507,2.222,4.948
0.222,2.728,8.666
-0.089,2.886,8.922
0.065,2.623,8.958
0.293,2.025,9.567
0.239,1.382,10.218
0.391,0.91,10.925
0.629,0.615,11.649
0.708,0.499,12.126
0.61,0.514,12.294
0.253,0.583,12.06
-0.379,0.75,11.56
-0.433,0.931,11.008
-0.179,1.217,10.56
0.059,1.504,10.218
0.265,1.721,9.98
0.356,1.784,9.809
0.364,1.761,9.635
0.335,1.684,9.543
0.307,1.623,9.534
0.3,1.571,9.598
0.33,1.54,9.727
0.347,1.538,9.881
0.35,1.526,10.024
0.317,1.477,10.193
0.295,1.452,10.322
0.282,1.407,10.442
0.265,1.367,10.552
0.242,1.329,10.636
0.263,1.318,10.687
0.289,1.31,10.726
0.293,1.298,10.793
0.293,1.306,10.802
0.293,1.296,10.773
0.293,1.302,10.738
0.303,1.297,10.668
0.323,1.289,10.578
0.341,1.31,10.491
0.347,1.328,10.417
0.362,1.34,10.332
0.347,1.369,10.265
0.344,1.37,10.223
0.333,1.386,10.202
0.307,1.377,10.207
0.305,1.407,10.232
0.296,1.408,10.268
0.297,1.408,10.308
0.293,1.392,10.363
0.294,1.362,10.403
0.297,1.335,10.461
0.293,1.321,10.517
0.286,1.313,10.571
0.275,1.294,10.603
0.29,1.284,10.603
0.293,1.292,10.594
0.293,1.277,10.564
0.294,1.268,10.5
0.294,1.267,10.457